,BRAND,CLUSTERS
35126,66,1
62067,12,0
345179,39,2
180648,47,1
11213,38,2
233199,51,1
170401,47,1
36137,66,1
187538,47,1
188288,47,1
43137,12,0
423270,39,2
201586,47,1
32705,66,1
146279,47,1
276171,10,0
84558,12,0
67274,12,0
291275,10,0
28499,5,0
106486,12,0
267415,10,0
265166,10,0
53312,12,0
375061,39,2
83919,12,0
224384,47,1
294496,42,2
314141,46,1
282829,10,0
118507,12,0
309884,46,1
175953,47,1
170583,47,1
129428,20,0
26796,1,0
369443,39,2
156449,47,1
51053,12,0
365727,39,2
35120,66,1
34109,66,1
181468,47,1
199747,47,1
294287,42,2
198279,47,1
2657,44,1
246571,4,0
199473,47,1
279294,10,0
180876,47,1
297085,42,2
353257,39,2
94742,12,0
89296,12,0
212803,47,1
138591,20,0
223654,47,1
145446,47,1
269213,10,0
288260,10,0
390295,39,2
6042,2,0
421154,39,2
139351,20,0
386195,39,2
399421,39,2
295634,42,2
352125,39,2
121932,12,0
377803,39,2
9901,11,0
318358,46,1
47507,12,0
65343,12,0
105455,12,0
212443,47,1
244219,4,0
11299,44,1
334789,36,2
334132,36,2
170693,47,1
207450,47,1
405202,39,2
30195,66,1
81381,12,0
427347,39,2
253696,4,0
10381,11,0
341694,39,2
106089,12,0
272487,10,0
320961,46,1
112820,12,0
385734,39,2
123370,12,0
65436,12,0
116738,12,0
362715,39,2
139471,20,0
122868,12,0
257910,4,0
215962,47,1
140931,20,0
162732,47,1
47580,12,0
87023,12,0
222425,47,1
416877,39,2
264658,10,0
412937,39,2
139882,20,0
186401,47,1
356138,39,2
406427,39,2
416523,39,2
210851,47,1
289451,10,0
355025,39,2
65746,12,0
36707,12,0
238433,4,0
123078,12,0
96193,12,0
79273,12,0
352228,39,2
56500,12,0
197845,47,1
319054,46,1
380595,39,2
70505,12,0
217223,47,1
170363,47,1
392565,39,2
180280,47,1
147616,47,1
53508,12,0
370721,39,2
212012,47,1
3487,25,0
270884,10,0
398843,39,2
113064,12,0
350393,39,2
408274,39,2
139932,20,0
252638,4,0
291936,10,0
364166,39,2
186198,47,1
70226,12,0
45813,12,0
373533,39,2
112214,12,0
404622,39,2
108878,12,0
383095,39,2
3413,44,1
11237,11,0
360605,39,2
11073,48,1
74522,12,0
192226,47,1
112725,12,0
212124,47,1
132916,20,0
106200,12,0
372497,39,2
272831,10,0
195914,47,1
274024,10,0
408241,39,2
15660,17,0
337400,36,2
48725,12,0
367683,39,2
350882,39,2
291756,10,0
414043,39,2
175135,47,1
421577,39,2
367137,39,2
79532,12,0
204552,47,1
263180,10,0
68810,12,0
427904,39,2
419578,39,2
397248,39,2
293221,10,0
194761,47,1
45176,12,0
281272,10,0
421374,39,2
285177,10,0
219613,47,1
30472,66,1
147882,47,1
168970,47,1
414735,39,2
333388,36,2
9652,58,1
32272,66,1
438286,39,2
397422,39,2
25515,1,0
405960,39,2
103878,12,0
268189,10,0
217257,47,1
368073,39,2
55436,12,0
187205,47,1
168682,47,1
184811,47,1
75803,12,0
303097,46,1
279039,10,0
226750,47,1
435261,39,2
339935,36,2
178250,47,1
241541,4,0
272944,10,0
252354,4,0
414786,39,2
310611,46,1
434064,39,2
353929,39,2
244424,4,0
58389,12,0
23837,17,0
227729,47,1
401091,39,2
378450,39,2
311138,46,1
107258,12,0
89630,12,0
400929,39,2
287820,10,0
329961,36,2
296327,42,2
158533,47,1
75372,12,0
194077,47,1
90397,12,0
122319,12,0
13845,17,0
399439,39,2
30851,66,1
414223,39,2
343898,39,2
348791,39,2
396801,39,2
26678,1,0
30319,66,1
56447,12,0
61628,12,0
214094,47,1
284968,10,0
29790,5,0
318885,46,1
313680,46,1
97024,12,0
236693,4,0
379134,39,2
219875,47,1
340847,39,2
50352,12,0
88185,12,0
430671,39,2
105585,12,0
337068,36,2
424960,39,2
301041,46,1
302857,46,1
438628,39,2
321767,46,1
29573,5,0
58627,12,0
225989,47,1
202827,47,1
158036,47,1
206340,47,1
155882,47,1
61158,12,0
320034,46,1
212410,47,1
111323,12,0
55873,12,0
85758,12,0
437385,39,2
248806,4,0
271942,10,0
397590,39,2
198095,47,1
277784,10,0
237973,4,0
225644,47,1
230224,51,1
243708,4,0
75195,12,0
140762,20,0
336842,36,2
389004,39,2
52662,12,0
361440,39,2
107020,12,0
430638,39,2
391322,39,2
104350,12,0
211689,47,1
354254,39,2
205482,47,1
32489,66,1
240764,4,0
240711,4,0
76735,12,0
343957,39,2
37477,12,0
396676,39,2
282921,10,0
319751,46,1
351125,39,2
377402,39,2
4321,19,0
108876,12,0
426231,39,2
281864,10,0
335476,36,2
245294,4,0
395441,39,2
220096,47,1
81476,12,0
99193,12,0
404634,39,2
261501,4,0
103411,12,0
364923,39,2
20232,17,0
296169,42,2
28547,5,0
371219,39,2
325358,46,1
119663,12,0
248344,4,0
414121,39,2
439385,39,2
245714,4,0
244416,4,0
351818,39,2
404313,39,2
411526,39,2
124364,12,0
293534,10,0
286908,10,0
421342,39,2
94732,12,0
362196,39,2
305150,46,1
305934,46,1
285305,10,0
320208,46,1
223592,47,1
299327,42,2
389684,39,2
214808,47,1
351328,39,2
153884,47,1
178522,47,1
277325,10,0
146641,47,1
414317,39,2
337185,36,2
316005,46,1
331254,36,2
105803,12,0
159541,47,1
46704,12,0
25211,1,0
244087,4,0
44231,12,0
149318,47,1
105432,12,0
99183,12,0
409830,39,2
430646,39,2
191574,47,1
235359,51,1
50290,12,0
35518,66,1
296714,42,2
220947,47,1
414375,39,2
2115,11,0
105863,12,0
298131,42,2
21313,17,0
85070,12,0
46711,12,0
340551,39,2
418601,39,2
363139,39,2
392624,39,2
367239,39,2
291155,10,0
239298,4,0
6943,19,0
8415,50,1
211771,47,1
437998,39,2
52820,12,0
56416,12,0
362941,39,2
343189,39,2
89664,12,0
252125,4,0
371849,39,2
346585,39,2
52667,12,0
140638,20,0
270958,10,0
340200,36,2
187163,47,1
233214,51,1
436092,39,2
145437,47,1
174454,47,1
367669,39,2
437985,39,2
425897,39,2
233597,51,1
320654,46,1
345560,39,2
115177,12,0
115788,12,0
34673,66,1
277655,10,0
58913,12,0
222005,47,1
297325,42,2
390586,39,2
270396,10,0
122365,12,0
206074,47,1
359521,39,2
182002,47,1
113017,12,0
343218,39,2
181502,47,1
161135,47,1
425970,39,2
207776,47,1
401100,39,2
337731,36,2
286788,10,0
404767,39,2
193972,47,1
345540,39,2
126802,12,0
334098,36,2
293739,10,0
15058,17,0
190185,47,1
183372,47,1
383779,39,2
6758,21,0
428581,39,2
213633,47,1
202463,47,1
373854,39,2
43456,12,0
284240,10,0
359002,39,2
254603,4,0
194956,47,1
26888,1,0
41229,12,0
165992,47,1
31400,66,1
380461,39,2
86745,12,0
46764,12,0
194655,47,1
420832,39,2
360213,39,2
97383,12,0
405462,39,2
125282,12,0
430876,39,2
71551,12,0
158501,47,1
2626,50,1
285702,10,0
195832,47,1
226027,47,1
45743,12,0
45230,12,0
31945,66,1
251526,4,0
62473,12,0
67400,12,0
19485,17,0
341791,39,2
306246,46,1
21621,17,0
226563,47,1
14089,17,0
287787,10,0
36470,66,1
394313,39,2
130530,20,0
33653,66,1
361051,39,2
74236,12,0
222442,47,1
51396,12,0
69325,12,0
398648,39,2
191334,47,1
118467,12,0
357783,39,2
165224,47,1
348381,39,2
56628,12,0
348764,39,2
201832,47,1
399294,39,2
50211,12,0
180675,47,1
408630,39,2
163492,47,1
410496,39,2
321709,46,1
218137,47,1
197116,47,1
49698,12,0
157700,47,1
409865,39,2
418995,39,2
198171,47,1
60950,12,0
164274,47,1
12693,17,0
265267,10,0
402312,39,2
180486,47,1
163613,47,1
404692,39,2
34219,66,1
76282,12,0
256066,4,0
172453,47,1
98275,12,0
305768,46,1
175856,47,1
25518,1,0
63620,12,0
154149,47,1
289142,10,0
229657,51,1
329584,36,2
291227,10,0
330784,36,2
375427,39,2
299299,42,2
193601,47,1
311461,46,1
111085,12,0
110929,12,0
88983,12,0
428243,39,2
248581,4,0
264629,10,0
77520,12,0
45881,12,0
334891,36,2
370823,39,2
215109,47,1
37554,12,0
135695,20,0
432411,39,2
270709,10,0
231046,51,1
305973,46,1
53818,12,0
421384,39,2
274590,10,0
50691,12,0
22616,17,0
369269,39,2
30584,66,1
225939,47,1
270090,10,0
328096,46,1
386450,39,2
314933,46,1
416764,39,2
391056,39,2
23620,17,0
206571,47,1
344188,39,2
411172,39,2
212534,47,1
107483,12,0
381470,39,2
303436,46,1
360797,39,2
18883,17,0
328890,36,2
40734,12,0
304765,46,1
185922,47,1
370686,39,2
260340,4,0
160677,47,1
115946,12,0
339419,36,2
389347,39,2
157483,47,1
391570,39,2
303201,46,1
331645,36,2
167927,47,1
42323,12,0
322176,46,1
373422,39,2
271952,10,0
182541,47,1
209585,47,1
203966,47,1
421597,39,2
313659,46,1
108026,12,0
70326,12,0
9244,11,0
147951,47,1
400492,39,2
33633,66,1
379894,39,2
408489,39,2
158226,47,1
14940,17,0
174453,47,1
112158,12,0
435811,39,2
100405,12,0
434416,39,2
219633,47,1
417323,39,2
176441,47,1
269952,10,0
104283,12,0
3659,44,1
3463,44,1
357282,39,2
64079,12,0
211154,47,1
199946,47,1
60251,12,0
7621,38,2
396694,39,2
208318,47,1
18971,17,0
234986,51,1
421843,39,2
397755,39,2
198982,47,1
241092,4,0
373015,39,2
170282,47,1
432272,39,2
264095,10,0
250977,4,0
306649,46,1
418148,39,2
353788,39,2
189352,47,1
420287,39,2
324894,46,1
90476,12,0
100013,12,0
434190,39,2
380399,39,2
311539,46,1
289548,10,0
65710,12,0
120022,12,0
113822,12,0
319806,46,1
126093,12,0
347774,39,2
181310,47,1
225749,47,1
192304,47,1
255641,4,0
96349,12,0
425196,39,2
227043,47,1
388605,39,2
365831,39,2
183811,47,1
161724,47,1
37220,12,0
239590,4,0
43948,12,0
134242,20,0
202144,47,1
249395,4,0
362728,39,2
97193,12,0
301668,46,1
269239,10,0
95206,12,0
158685,47,1
394655,39,2
424142,39,2
399474,39,2
201331,47,1
191561,47,1
272815,10,0
425626,39,2
249772,4,0
353783,39,2
21000,17,0
256139,4,0
356940,39,2
180474,47,1
257316,4,0
343032,39,2
269323,10,0
299378,42,2
266862,10,0
317092,46,1
343768,39,2
157461,47,1
434474,39,2
236089,51,1
17375,17,0
181164,47,1
344025,39,2
88120,12,0
376572,39,2
149918,47,1
135724,20,0
253115,4,0
303128,46,1
89732,12,0
98718,12,0
309334,46,1
146527,47,1
285325,10,0
92311,12,0
256719,4,0
4142,48,1
31796,66,1
104961,12,0
200138,47,1
430112,39,2
393477,39,2
269906,10,0
426661,39,2
19627,17,0
85855,12,0
124974,12,0
165704,47,1
166687,47,1
202057,47,1
80595,12,0
290206,10,0
352070,39,2
406667,39,2
265602,10,0
405445,39,2
185199,47,1
38501,12,0
239260,4,0
88976,12,0
202124,47,1
298910,42,2
348750,39,2
289535,10,0
53825,12,0
56345,12,0
432661,39,2
2710,48,1
401988,39,2
14593,17,0
281265,10,0
73667,12,0
352934,39,2
136390,20,0
180041,47,1
391135,39,2
59848,12,0
75337,12,0
311172,46,1
433042,39,2
169850,47,1
263354,10,0
5412,16,0
60037,12,0
272304,10,0
47607,12,0
147741,47,1
66801,12,0
193825,47,1
169011,47,1
204293,47,1
19657,17,0
23298,17,0
346488,39,2
301184,46,1
75453,12,0
50996,12,0
439461,39,2
290292,10,0
429239,39,2
370167,39,2
247117,4,0
395662,39,2
237128,4,0
390741,39,2
321283,46,1
153654,47,1
48868,12,0
196892,47,1
1046,11,0
433487,39,2
394378,39,2
355202,39,2
71170,12,0
247430,4,0
342325,39,2
254279,4,0
242563,4,0
177588,47,1
84603,12,0
263605,10,0
333612,36,2
68857,12,0
229827,51,1
416367,39,2
165522,47,1
391451,39,2
224061,47,1
23213,17,0
234428,51,1
383393,39,2
309635,46,1
389824,39,2
222308,47,1
341557,39,2
16774,17,0
172778,47,1
270991,10,0
116039,12,0
289487,10,0
52698,12,0
343171,39,2
250388,4,0
324263,46,1
227486,47,1
261339,4,0
429197,39,2
118414,12,0
159331,47,1
84141,12,0
217243,47,1
75815,12,0
75146,12,0
381145,39,2
377815,39,2
198454,47,1
43230,12,0
181621,47,1
81407,12,0
283698,10,0
256029,4,0
266150,10,0
117790,12,0
296334,42,2
263630,10,0
354768,39,2
29825,5,0
286262,10,0
360948,39,2
18256,17,0
52773,12,0
315649,46,1
425798,39,2
210127,47,1
269204,10,0
269972,10,0
347423,39,2
52874,12,0
351322,39,2
41227,12,0
143211,22,0
246407,4,0
362356,39,2
160532,47,1
218748,47,1
253244,4,0
343681,39,2
17614,17,0
298897,42,2
84664,12,0
109258,12,0
241226,4,0
216530,47,1
320091,46,1
243030,4,0
438669,39,2
418644,39,2
430545,39,2
328168,46,1
386348,39,2
361912,39,2
319670,46,1
294728,42,2
356033,39,2
311532,46,1
359552,39,2
196266,47,1
58835,12,0
36454,66,1
3673,45,1
295338,42,2
388371,39,2
399814,39,2
242239,4,0
92259,12,0
410359,39,2
365900,39,2
180665,47,1
262616,10,0
377062,39,2
353099,39,2
283649,10,0
250870,4,0
191006,47,1
53525,12,0
138547,20,0
130249,20,0
101463,12,0
366748,39,2
245458,4,0
318381,46,1
137611,20,0
326415,46,1
225418,47,1
161650,47,1
33080,66,1
130171,20,0
149164,47,1
263378,10,0
412772,39,2
218685,47,1
126604,12,0
390891,39,2
200154,47,1
401582,39,2
325448,46,1
370339,39,2
177147,47,1
422091,39,2
30306,66,1
93949,12,0
143834,22,0
282452,10,0
298027,42,2
208122,47,1
311531,46,1
415993,39,2
305154,46,1
88694,12,0
256652,4,0
14686,17,0
192705,47,1
39044,12,0
91968,12,0
200155,47,1
113122,12,0
68150,12,0
165467,47,1
24876,1,0
2160,48,1
328585,46,1
18628,17,0
363916,39,2
85692,12,0
8256,34,2
265200,10,0
156597,47,1
328295,46,1
421235,39,2
335369,36,2
204860,47,1
302934,46,1
45425,12,0
69095,12,0
389317,39,2
337572,36,2
88930,12,0
146250,47,1
94185,12,0
64734,12,0
207411,47,1
250116,4,0
149042,47,1
134497,20,0
26546,1,0
396276,39,2
113271,12,0
184888,47,1
136426,20,0
344748,39,2
283947,10,0
27259,5,0
196194,47,1
401807,39,2
58248,12,0
427126,39,2
23591,17,0
2177,19,0
175732,47,1
209711,47,1
292891,10,0
155814,47,1
305017,46,1
95682,12,0
312258,46,1
115401,12,0
171028,47,1
377849,39,2
438253,39,2
5786,11,0
79515,12,0
369727,39,2
142206,22,0
259934,4,0
241533,4,0
47816,12,0
184702,47,1
80024,12,0
384738,39,2
346037,39,2
220552,47,1
370444,39,2
280956,10,0
425097,39,2
60057,12,0
285722,10,0
115677,12,0
269899,10,0
70917,12,0
183314,47,1
252253,4,0
304385,46,1
261145,4,0
19539,17,0
432081,39,2
269322,10,0
303064,46,1
236040,51,1
246458,4,0
145935,47,1
12669,17,0
29853,5,0
328816,46,1
2840,38,2
208695,47,1
139258,20,0
293618,10,0
388537,39,2
57768,12,0
227416,47,1
231927,51,1
7334,21,0
114190,12,0
270538,10,0
315498,46,1
305676,46,1
375132,39,2
240540,4,0
202990,47,1
346032,39,2
233576,51,1
404498,39,2
390710,39,2
124894,12,0
321876,46,1
225717,47,1
26431,1,0
56347,12,0
79470,12,0
92384,12,0
434138,39,2
428813,39,2
219941,47,1
359881,39,2
267347,10,0
234776,51,1
46485,12,0
398138,39,2
64528,12,0
213001,47,1
426038,39,2
136171,20,0
49579,12,0
405969,39,2
217598,47,1
236850,4,0
26880,1,0
73904,12,0
65056,12,0
25651,1,0
350495,39,2
25549,1,0
299547,42,2
307819,46,1
293591,10,0
58375,12,0
263861,10,0
114175,12,0
385120,39,2
346785,39,2
215162,47,1
29507,5,0
231545,51,1
362093,39,2
436892,39,2
380,48,1
263608,10,0
63047,12,0
370155,39,2
65194,12,0
252846,4,0
66366,12,0
60127,12,0
283067,10,0
201490,47,1
354562,39,2
331647,36,2
315680,46,1
88124,12,0
338601,36,2
200560,47,1
403352,39,2
426057,39,2
425304,39,2
214970,47,1
31208,66,1
283920,10,0
355605,39,2
418464,39,2
367715,39,2
158503,47,1
395513,39,2
216752,47,1
212155,47,1
115572,12,0
282674,10,0
382578,39,2
46487,12,0
262900,10,0
56171,12,0
312855,46,1
300652,42,2
376478,39,2
384563,39,2
151528,47,1
278439,10,0
339018,36,2
357058,39,2
193775,47,1
358185,39,2
289778,10,0
420288,39,2
264598,10,0
166994,47,1
398177,39,2
418095,39,2
411941,39,2
389987,39,2
179993,47,1
215755,47,1
358048,39,2
189691,47,1
255396,4,0
190525,47,1
166222,47,1
164337,47,1
414092,39,2
155886,47,1
11514,50,1
320517,46,1
219445,47,1
317379,46,1
434330,39,2
20132,17,0
230694,51,1
424435,39,2
275632,10,0
198572,47,1
237501,4,0
262021,4,0
162283,47,1
425190,39,2
31959,66,1
284842,10,0
303651,46,1
345829,39,2
384525,39,2
372808,39,2
21537,17,0
252981,4,0
87472,12,0
243375,4,0
438606,39,2
247568,4,0
368127,39,2
383377,39,2
371104,39,2
94768,12,0
160480,47,1
185026,47,1
438484,39,2
4742,9,0
347985,39,2
416494,39,2
165727,47,1
32276,66,1
427674,39,2
434874,39,2
404632,39,2
311586,46,1
138358,20,0
349916,39,2
103674,12,0
389692,39,2
369646,39,2
184628,47,1
437366,39,2
73523,12,0
93520,12,0
246058,4,0
285871,10,0
97057,12,0
216553,47,1
361455,39,2
7022,31,2
405022,39,2
54024,12,0
405995,39,2
69592,12,0
351115,39,2
184946,47,1
123284,12,0
211569,47,1
185899,47,1
347140,39,2
334026,36,2
259654,4,0
128819,20,0
206448,47,1
203658,47,1
274029,10,0
170140,47,1
106016,12,0
173652,47,1
49803,12,0
155555,47,1
354071,39,2
24817,1,0
170291,47,1
291506,10,0
321552,46,1
125454,12,0
278225,10,0
215486,47,1
421248,39,2
162004,47,1
301316,46,1
259655,4,0
5778,21,0
280025,10,0
237894,4,0
420010,39,2
219844,47,1
349625,39,2
55285,12,0
106644,12,0
79016,12,0
364622,39,2
394047,39,2
421102,39,2
353575,39,2
353974,39,2
392573,39,2
48643,12,0
52732,12,0
179874,47,1
180649,47,1
464,44,1
115502,12,0
159049,47,1
214758,47,1
327314,46,1
64902,12,0
335750,36,2
117839,12,0
268460,10,0
306379,46,1
438999,39,2
217288,47,1
378970,39,2
230956,51,1
232437,51,1
1938,44,1
9573,44,1
345628,39,2
382821,39,2
90609,12,0
340785,39,2
95464,12,0
215816,47,1
322367,46,1
126946,12,0
145611,47,1
392323,39,2
116876,12,0
110209,12,0
106211,12,0
260297,4,0
392776,39,2
30211,66,1
355042,39,2
71659,12,0
15989,17,0
327158,46,1
17969,17,0
212616,47,1
15628,17,0
170897,47,1
71261,12,0
39136,12,0
416900,39,2
134677,20,0
97013,12,0
97773,12,0
101297,12,0
135708,20,0
354316,39,2
63649,12,0
50694,12,0
2696,15,0
203190,47,1
278440,10,0
187314,47,1
82070,12,0
248453,4,0
63875,12,0
90835,12,0
201216,47,1
129803,20,0
133201,20,0
342039,39,2
384161,39,2
373687,39,2
49733,12,0
208719,47,1
340607,39,2
160114,47,1
403304,39,2
275562,10,0
31704,66,1
319161,46,1
23845,17,0
267783,10,0
103144,12,0
236937,4,0
437875,39,2
379978,39,2
170137,47,1
299575,42,2
300532,42,2
107874,12,0
376183,39,2
248559,4,0
146354,47,1
393840,39,2
342901,39,2
303367,46,1
120766,12,0
337912,36,2
213130,47,1
236018,51,1
72935,12,0
67205,12,0
326439,46,1
224694,47,1
421541,39,2
243161,4,0
238853,4,0
260986,4,0
229611,51,1
294103,42,2
331595,36,2
387916,39,2
240037,4,0
322534,46,1
220527,47,1
242824,4,0
249483,4,0
357995,39,2
239174,4,0
125506,12,0
361674,39,2
150823,47,1
247427,4,0
304982,46,1
383059,39,2
351952,39,2
56977,12,0
203177,47,1
179752,47,1
56759,12,0
120899,12,0
49851,12,0
369548,39,2
31371,66,1
114198,12,0
137657,20,0
149999,47,1
167227,47,1
384571,39,2
352920,39,2
371567,39,2
294488,42,2
349960,39,2
313898,46,1
304078,46,1
54903,12,0
62638,12,0
145493,47,1
317460,46,1
210411,47,1
379642,39,2
335487,36,2
337766,36,2
57225,12,0
40026,12,0
52388,12,0
284389,10,0
158980,47,1
3866,48,1
433642,39,2
214986,47,1
70173,12,0
148509,47,1
342521,39,2
72967,12,0
398782,39,2
344309,39,2
128977,20,0
209448,47,1
152620,47,1
169859,47,1
335827,36,2
30869,66,1
294615,42,2
420168,39,2
345862,39,2
311484,46,1
13212,17,0
288464,10,0
43838,12,0
214650,47,1
176570,47,1
405035,39,2
238914,4,0
417680,39,2
360634,39,2
163908,47,1
310125,46,1
335224,36,2
311063,46,1
57109,12,0
45898,12,0
179031,47,1
379481,39,2
351957,39,2
386490,39,2
166477,47,1
386854,39,2
183493,47,1
422900,39,2
409684,39,2
212741,47,1
74210,12,0
422615,39,2
139164,20,0
289909,10,0
9198,15,0
123253,12,0
297646,42,2
200912,47,1
29523,5,0
152291,47,1
332649,36,2
38195,12,0
427760,39,2
35214,66,1
70252,12,0
29214,5,0
9962,23,0
91602,12,0
354872,39,2
319619,46,1
349532,39,2
288496,10,0
211808,47,1
195748,47,1
23839,17,0
138777,20,0
97069,12,0
34033,66,1
134227,20,0
380416,39,2
125798,12,0
297196,42,2
281573,10,0
196317,47,1
121904,12,0
323626,46,1
236034,51,1
189063,47,1
399708,39,2
103820,12,0
105800,12,0
277320,10,0
197689,47,1
216597,47,1
354388,39,2
352130,39,2
74642,12,0
376232,39,2
96109,12,0
350876,39,2
303233,46,1
154909,47,1
240045,4,0
335469,36,2
134531,20,0
119301,12,0
226564,47,1
280194,10,0
437412,39,2
361738,39,2
352175,39,2
313716,46,1
320659,46,1
223450,47,1
23730,17,0
212731,47,1
86106,12,0
189184,47,1
59811,12,0
269405,10,0
52342,12,0
129675,20,0
380339,39,2
382488,39,2
317099,46,1
120142,12,0
123707,12,0
375554,39,2
397088,39,2
9155,44,1
248993,4,0
326908,46,1
332607,36,2
161647,47,1
187579,47,1
430734,39,2
298767,42,2
117113,12,0
250470,4,0
84095,12,0
249039,4,0
178926,47,1
43683,12,0
434620,39,2
352596,39,2
207081,47,1
122718,12,0
248173,4,0
182026,47,1
417988,39,2
59461,12,0
85032,12,0
159503,47,1
252115,4,0
23511,17,0
177932,47,1
84424,12,0
369977,39,2
296397,42,2
412232,39,2
169824,47,1
71118,12,0
34519,66,1
354412,39,2
193888,47,1
289185,10,0
294109,42,2
434945,39,2
282522,10,0
395510,39,2
280520,10,0
38122,12,0
277541,10,0
398693,39,2
409014,39,2
342990,39,2
74930,12,0
363893,39,2
305722,46,1
347108,39,2
55622,12,0
258006,4,0
420837,39,2
66445,12,0
234334,51,1
134760,20,0
59405,12,0
229470,51,1
313819,46,1
182742,47,1
101732,12,0
114990,12,0
251046,4,0
158660,47,1
3942,11,0
255655,4,0
391642,39,2
5605,11,0
97950,12,0
99091,12,0
330376,36,2
174989,47,1
298356,42,2
128414,20,0
210754,47,1
202072,47,1
101224,12,0
189853,47,1
110291,12,0
36605,12,0
144361,22,0
51867,12,0
118618,12,0
241626,4,0
426116,39,2
415791,39,2
299171,42,2
155541,47,1
288059,10,0
383279,39,2
126377,12,0
381358,39,2
437838,39,2
79733,12,0
59793,12,0
169521,47,1
176979,47,1
84953,12,0
294227,42,2
115341,12,0
333919,36,2
208168,47,1
15843,17,0
174920,47,1
37228,12,0
36611,12,0
196029,47,1
330973,36,2
375996,39,2
396960,39,2
316790,46,1
337871,36,2
356183,39,2
274556,10,0
141168,20,0
288337,10,0
63550,12,0
310718,46,1
18893,17,0
124704,12,0
161178,47,1
318296,46,1
288112,10,0
92786,12,0
235769,51,1
358459,39,2
18064,17,0
364907,39,2
321576,46,1
109730,12,0
131208,20,0
242070,4,0
18608,17,0
97337,12,0
123184,12,0
328006,46,1
23991,17,0
345344,39,2
70389,12,0
122100,12,0
52119,12,0
87272,12,0
274331,10,0
407789,39,2
388806,39,2
401111,39,2
274262,10,0
142659,22,0
351004,39,2
362001,39,2
321183,46,1
325405,46,1
183058,47,1
356024,39,2
181172,47,1
129115,20,0
296707,42,2
108417,12,0
84666,12,0
24949,1,0
385444,39,2
189334,47,1
37631,12,0
111259,12,0
151554,47,1
329399,36,2
193316,47,1
231898,51,1
348884,39,2
304406,46,1
178820,47,1
149289,47,1
54575,12,0
35723,66,1
230859,51,1
89682,12,0
131169,20,0
112154,12,0
62780,12,0
162853,47,1
412569,39,2
274050,10,0
96803,12,0
65399,12,0
148571,47,1
228016,47,1
77228,12,0
92952,12,0
8707,48,1
382428,39,2
281669,10,0
339664,36,2
126550,12,0
16398,17,0
163574,47,1
326145,46,1
238520,4,0
286453,10,0
118005,12,0
75845,12,0
118316,12,0
330089,36,2
353903,39,2
187989,47,1
9159,44,1
187238,47,1
218015,47,1
215871,47,1
401817,39,2
386820,39,2
273849,10,0
22604,17,0
386505,39,2
97711,12,0
94265,12,0
60143,12,0
404454,39,2
383270,39,2
354375,39,2
348068,39,2
351760,39,2
182299,47,1
299799,42,2
375489,39,2
19351,17,0
287538,10,0
99335,12,0
995,55,1
5076,23,0
333636,36,2
354586,39,2
411424,39,2
189843,47,1
167039,47,1
164167,47,1
326695,46,1
131245,20,0
220694,47,1
354138,39,2
166883,47,1
124327,12,0
84281,12,0
318743,46,1
432220,39,2
326910,46,1
51983,12,0
50846,12,0
28341,5,0
21446,17,0
257139,4,0
71823,12,0
102122,12,0
323785,46,1
178764,47,1
434659,39,2
323609,46,1
172174,47,1
154311,47,1
335124,36,2
192152,47,1
355825,39,2
100757,12,0
22376,17,0
77422,12,0
5540,27,2
304713,46,1
88908,12,0
210899,47,1
344175,39,2
175276,47,1
379621,39,2
283518,10,0
332615,36,2
62647,12,0
230488,51,1
20254,17,0
174947,47,1
396894,39,2
150496,47,1
422111,39,2
248716,4,0
177298,47,1
402557,39,2
265795,10,0
197892,47,1
100010,12,0
400326,39,2
222067,47,1
31829,66,1
64491,12,0
2118,29,2
424508,39,2
94549,12,0
33307,66,1
439418,39,2
26281,1,0
294423,42,2
416199,39,2
235937,51,1
189992,47,1
78117,12,0
389902,39,2
125328,12,0
416040,39,2
122700,12,0
121017,12,0
372533,39,2
400608,39,2
368309,39,2
81370,12,0
132301,20,0
341871,39,2
426810,39,2
239442,4,0
269327,10,0
82237,12,0
367672,39,2
412286,39,2
372654,39,2
150844,47,1
274184,10,0
47312,12,0
99628,12,0
34546,66,1
100346,12,0
278655,10,0
113934,12,0
148210,47,1
3580,50,1
45016,12,0
321159,46,1
367736,39,2
118912,12,0
48862,12,0
38053,12,0
395931,39,2
276439,10,0
430726,39,2
64839,12,0
335544,36,2
422606,39,2
106546,12,0
145361,47,1
347884,39,2
380250,39,2
281370,10,0
146993,47,1
22609,17,0
409328,39,2
36468,66,1
315155,46,1
398077,39,2
340843,39,2
8279,44,1
148984,47,1
309657,46,1
167579,47,1
165108,47,1
409410,39,2
86395,12,0
188464,47,1
396491,39,2
338633,36,2
168597,47,1
196650,47,1
108362,12,0
234435,51,1
99707,12,0
368583,39,2
39622,12,0
59360,12,0
178377,47,1
46589,12,0
380211,39,2
217609,47,1
296156,42,2
357330,39,2
165028,47,1
434635,39,2
28304,5,0
31989,66,1
13960,17,0
30090,66,1
215528,47,1
396503,39,2
300848,46,1
153848,47,1
114696,12,0
228996,51,1
11876,44,1
260041,4,0
386017,39,2
378885,39,2
432566,39,2
47803,12,0
30220,66,1
27386,5,0
364078,39,2
169688,47,1
407576,39,2
96828,12,0
118527,12,0
275815,10,0
157523,47,1
435008,39,2
338097,36,2
306829,46,1
355802,39,2
234955,51,1
254330,4,0
171558,47,1
306888,46,1
315360,46,1
171876,47,1
343500,39,2
30210,66,1
352908,39,2
52759,12,0
301583,46,1
307995,46,1
281332,10,0
364485,39,2
430171,39,2
353245,39,2
89135,12,0
78356,12,0
362488,39,2
307238,46,1
317218,46,1
270610,10,0
193883,47,1
390768,39,2
238761,4,0
316499,46,1
54928,12,0
287373,10,0
244160,4,0
25350,1,0
124949,12,0
139032,20,0
270541,10,0
162903,47,1
176883,47,1
320219,46,1
116390,12,0
129434,20,0
206999,47,1
94093,12,0
41172,12,0
307137,46,1
200612,47,1
277290,10,0
290199,10,0
33514,66,1
230892,51,1
344404,39,2
99509,12,0
1007,23,0
267455,10,0
129816,20,0
231530,51,1
439317,39,2
248597,4,0
85459,12,0
370871,39,2
126295,12,0
196068,47,1
130091,20,0
396566,39,2
63283,12,0
431146,39,2
296645,42,2
201818,47,1
202030,47,1
236566,4,0
181492,47,1
116480,12,0
30819,66,1
6035,31,2
385506,39,2
413862,39,2
90167,12,0
433030,39,2
376979,39,2
397608,39,2
143649,22,0
136395,20,0
428943,39,2
27724,5,0
238480,4,0
171622,47,1
406761,39,2
269413,10,0
342443,39,2
172150,47,1
364996,39,2
350421,39,2
408785,39,2
355206,39,2
248847,4,0
201239,47,1
143417,22,0
418190,39,2
399024,39,2
382120,39,2
80629,12,0
70856,12,0
121968,12,0
303486,46,1
275153,10,0
51278,12,0
434007,39,2
408754,39,2
328712,46,1
85926,12,0
436725,39,2
409955,39,2
328925,36,2
194727,47,1
134496,20,0
1754,11,0
375540,39,2
117749,12,0
165183,47,1
273478,10,0
126594,12,0
98827,12,0
39133,12,0
165661,47,1
235470,51,1
239341,4,0
281351,10,0
313883,46,1
219989,47,1
29428,5,0
27379,5,0
339353,36,2
409780,39,2
402182,39,2
129410,20,0
433504,39,2
310338,46,1
16094,17,0
133849,20,0
388416,39,2
61604,12,0
276468,10,0
38642,12,0
207428,47,1
70468,12,0
402990,39,2
233828,51,1
107820,12,0
62027,12,0
349224,39,2
315257,46,1
399984,39,2
181890,47,1
199484,47,1
79897,12,0
38931,12,0
339828,36,2
416792,39,2
437267,39,2
264839,10,0
383895,39,2
79071,12,0
365313,39,2
266084,10,0
325225,46,1
26103,1,0
436522,39,2
220135,47,1
205219,47,1
181223,47,1
45440,12,0
219814,47,1
407826,39,2
220448,47,1
324742,46,1
69491,12,0
162042,47,1
162028,47,1
365217,39,2
154581,47,1
261200,4,0
193630,47,1
34409,66,1
252933,4,0
38812,12,0
340658,39,2
369109,39,2
21552,17,0
193983,47,1
196704,47,1
91455,12,0
66354,12,0
360591,39,2
75189,12,0
40030,12,0
413961,39,2
327860,46,1
51512,12,0
409095,39,2
284820,10,0
306155,46,1
155012,47,1
138466,20,0
84027,12,0
25825,1,0
47147,12,0
412133,39,2
136851,20,0
346706,39,2
95501,12,0
335794,36,2
74222,12,0
343628,39,2
382556,39,2
5314,37,2
37751,12,0
295698,42,2
117964,12,0
323754,46,1
105641,12,0
282050,10,0
310550,46,1
365425,39,2
183459,47,1
176918,47,1
355872,39,2
271041,10,0
129470,20,0
288614,10,0
435406,39,2
162367,47,1
7682,13,0
308569,46,1
359966,39,2
412734,39,2
253943,4,0
376752,39,2
346610,39,2
120036,12,0
158253,47,1
302463,46,1
121430,12,0
23362,17,0
4063,31,2
405996,39,2
55368,12,0
411542,39,2
100479,12,0
234298,51,1
299958,42,2
85437,12,0
175324,47,1
237398,4,0
272605,10,0
353212,39,2
198670,47,1
218145,47,1
108813,12,0
307919,46,1
46186,12,0
294942,42,2
289553,10,0
163241,47,1
158568,47,1
127426,12,0
293117,10,0
203441,47,1
196542,47,1
29493,5,0
322102,46,1
343260,39,2
166197,47,1
204785,47,1
43491,12,0
202716,47,1
263865,10,0
380340,39,2
373613,39,2
235883,51,1
75872,12,0
15219,17,0
63423,12,0
133263,20,0
165783,47,1
375404,39,2
306668,46,1
267336,10,0
341721,39,2
81895,12,0
93692,12,0
44714,12,0
6501,38,2
299268,42,2
272834,10,0
363843,39,2
189814,47,1
378039,39,2
354843,39,2
36932,12,0
243716,4,0
197750,47,1
409543,39,2
191325,47,1
124733,12,0
54549,12,0
229895,51,1
18404,17,0
78161,12,0
242596,4,0
61996,12,0
343860,39,2
316084,46,1
385952,39,2
36595,12,0
359777,39,2
5662,50,1
29724,5,0
205133,47,1
377504,39,2
207472,47,1
127259,12,0
276825,10,0
289286,10,0
66057,12,0
403120,39,2
412013,39,2
403109,39,2
400195,39,2
137933,20,0
318227,46,1
134238,20,0
303827,46,1
353931,39,2
180154,47,1
217006,47,1
5993,11,0
406024,39,2
263821,10,0
436973,39,2
139952,20,0
248196,4,0
73398,12,0
348651,39,2
153019,47,1
362025,39,2
83388,12,0
196502,47,1
38585,12,0
204014,47,1
438497,39,2
212366,47,1
11250,44,1
83017,12,0
30006,5,0
158930,47,1
205747,47,1
181292,47,1
188886,47,1
250938,4,0
296970,42,2
342918,39,2
159847,47,1
321898,46,1
144506,22,0
110969,12,0
416078,39,2
356344,39,2
54580,12,0
71883,12,0
220074,47,1
297168,42,2
76251,12,0
343185,39,2
132484,20,0
308154,46,1
157322,47,1
246140,4,0
389939,39,2
55406,12,0
163623,47,1
89820,12,0
173389,47,1
415578,39,2
352690,39,2
321085,46,1
183204,47,1
88757,12,0
177020,47,1
123574,12,0
299445,42,2
373527,39,2
16038,17,0
174946,47,1
161552,47,1
173952,47,1
148093,47,1
339301,36,2
410192,39,2
309362,46,1
19661,17,0
14260,17,0
201668,47,1
418669,39,2
396366,39,2
17729,17,0
106180,12,0
431791,39,2
13370,17,0
223918,47,1
262673,10,0
269140,10,0
300755,42,2
280096,10,0
371562,39,2
165947,47,1
342600,39,2
384199,39,2
221517,47,1
50356,12,0
93297,12,0
36202,66,1
91719,12,0
250369,4,0
126190,12,0
369448,39,2
150656,47,1
126528,12,0
392747,39,2
77187,12,0
116605,12,0
235407,51,1
433073,39,2
314952,46,1
195244,47,1
156691,47,1
131150,20,0
382213,39,2
112032,12,0
146876,47,1
108308,12,0
152437,47,1
234690,51,1
370728,39,2
180045,47,1
324103,46,1
99437,12,0
286177,10,0
64897,12,0
224140,47,1
99278,12,0
321088,46,1
92537,12,0
33743,66,1
326648,46,1
357841,39,2
217436,47,1
63765,12,0
185842,47,1
176448,47,1
37896,12,0
153812,47,1
148916,47,1
151194,47,1
955,11,0
104233,12,0
438546,39,2
288727,10,0
140861,20,0
15676,17,0
204015,47,1
33289,66,1
89963,12,0
278562,10,0
114209,12,0
311441,46,1
177892,47,1
249227,4,0
205712,47,1
156931,47,1
186440,47,1
62471,12,0
178915,47,1
415428,39,2
190968,47,1
367001,39,2
286435,10,0
288363,10,0
50586,12,0
389241,39,2
353014,39,2
76187,12,0
213449,47,1
55528,12,0
72454,12,0
267949,10,0
285358,10,0
209180,47,1
292088,10,0
356818,39,2
280959,10,0
67767,12,0
116361,12,0
307601,46,1
102172,12,0
135082,20,0
83547,12,0
135450,20,0
2848,44,1
214266,47,1
275784,10,0
120507,12,0
99910,12,0
439134,39,2
427635,39,2
202948,47,1
287109,10,0
348991,39,2
156829,47,1
361757,39,2
86446,12,0
95957,12,0
25291,1,0
178457,47,1
343347,39,2
344556,39,2
309470,46,1
34812,66,1
226422,47,1
72442,12,0
326697,46,1
295694,42,2
266600,10,0
107862,12,0
367929,39,2
246881,4,0
416432,39,2
242649,4,0
287519,10,0
221523,47,1
171134,47,1
270939,10,0
152766,47,1
186054,47,1
105007,12,0
184019,47,1
240088,4,0
270082,10,0
377601,39,2
216533,47,1
297320,42,2
249791,4,0
331042,36,2
235108,51,1
433885,39,2
32002,66,1
172962,47,1
217916,47,1
387968,39,2
85077,12,0
341655,39,2
105517,12,0
304014,46,1
398974,39,2
179226,47,1
96852,12,0
78788,12,0
94456,12,0
178998,47,1
272178,10,0
281909,10,0
155595,47,1
9493,59,1
116735,12,0
218101,47,1
199642,47,1
383329,39,2
337702,36,2
375694,39,2
271615,10,0
149193,47,1
115640,12,0
322964,46,1
380744,39,2
219720,47,1
48272,12,0
367489,39,2
5133,44,1
92290,12,0
82759,12,0
381591,39,2
239097,4,0
388665,39,2
279456,10,0
387083,39,2
146880,47,1
84974,12,0
104710,12,0
22810,17,0
7764,44,1
55839,12,0
77533,12,0
276614,10,0
400673,39,2
428707,39,2
114619,12,0
425184,39,2
233947,51,1
285749,10,0
295627,42,2
213762,47,1
127805,12,0
123038,12,0
69030,12,0
145171,47,1
63574,12,0
55438,12,0
258354,4,0
271175,10,0
269588,10,0
387535,39,2
84198,12,0
382244,39,2
38492,12,0
173820,47,1
285175,10,0
159731,47,1
126534,12,0
78935,12,0
59541,12,0
13363,17,0
248398,4,0
227778,47,1
423524,39,2
244818,4,0
398978,39,2
356836,39,2
94626,12,0
274321,10,0
98146,12,0
297603,42,2
404679,39,2
330769,36,2
406550,39,2
158356,47,1
395260,39,2
350030,39,2
78756,12,0
254705,4,0
275109,10,0
303940,46,1
229750,51,1
22052,17,0
41625,12,0
404928,39,2
217908,47,1
127304,12,0
181113,47,1
319026,46,1
102000,12,0
317693,46,1
278065,10,0
302259,46,1
406525,39,2
401659,39,2
28041,5,0
40741,12,0
66186,12,0
54772,12,0
122929,12,0
28029,5,0
371781,39,2
41237,12,0
35838,66,1
410332,39,2
346845,39,2
172419,47,1
353108,39,2
269855,10,0
106835,12,0
392053,39,2
220972,47,1
52254,12,0
360204,39,2
20384,17,0
284471,10,0
100693,12,0
269086,10,0
75210,12,0
4263,38,2
298232,42,2
6969,44,1
192982,47,1
432205,39,2
240696,4,0
420075,39,2
216407,47,1
56905,12,0
399471,39,2
61766,12,0
7451,21,0
155431,47,1
101019,12,0
372685,39,2
213022,47,1
184569,47,1
433881,39,2
57629,12,0
191578,47,1
395705,39,2
12194,17,0
439328,39,2
143486,22,0
223007,47,1
322038,46,1
215780,47,1
322728,46,1
29555,5,0
428683,39,2
129468,20,0
140728,20,0
219891,47,1
103027,12,0
15465,17,0
220504,47,1
177235,47,1
88494,12,0
92529,12,0
248251,4,0
184128,47,1
61164,12,0
81173,12,0
109355,12,0
297730,42,2
76545,12,0
204023,47,1
270275,10,0
55318,12,0
368761,39,2
75662,12,0
283575,10,0
242474,4,0
428021,39,2
118496,12,0
33944,66,1
63685,12,0
49530,12,0
144583,47,1
210988,47,1
75761,12,0
64328,12,0
382526,39,2
28096,5,0
214842,47,1
330886,36,2
75218,12,0
51373,12,0
172842,47,1
220792,47,1
20957,17,0
92040,12,0
173113,47,1
152318,47,1
36043,66,1
415243,39,2
353474,39,2
1423,21,0
67249,12,0
415992,39,2
348874,39,2
302253,46,1
358951,39,2
142682,22,0
331458,36,2
401004,39,2
227305,47,1
315425,46,1
353278,39,2
102552,12,0
185872,47,1
175745,47,1
311265,46,1
311807,46,1
399960,39,2
304111,46,1
172738,47,1
121990,12,0
174065,47,1
51504,12,0
431308,39,2
373716,39,2
265055,10,0
263755,10,0
171222,47,1
436811,39,2
389300,39,2
331775,36,2
313499,46,1
331461,36,2
160407,47,1
215522,47,1
213496,47,1
256581,4,0
59421,12,0
409529,39,2
236055,51,1
60270,12,0
244759,4,0
424758,39,2
85963,12,0
433548,39,2
319740,46,1
296177,42,2
300124,42,2
264860,10,0
203193,47,1
432228,39,2
302051,46,1
282657,10,0
82697,12,0
131270,20,0
171547,47,1
24394,17,0
384557,39,2
160580,47,1
122186,12,0
93750,12,0
307978,46,1
46949,12,0
197214,47,1
419381,39,2
144962,47,1
31059,66,1
270786,10,0
400160,39,2
91763,12,0
383845,39,2
288714,10,0
334883,36,2
25512,1,0
252985,4,0
350163,39,2
148824,47,1
235608,51,1
144204,22,0
403133,39,2
92925,12,0
231160,51,1
294823,42,2
73729,12,0
217610,47,1
175705,47,1
365173,39,2
148965,47,1
189022,47,1
192185,47,1
273079,10,0
297084,42,2
99818,12,0
432581,39,2
32236,66,1
429414,39,2
381050,39,2
306434,46,1
353603,39,2
4818,11,0
422430,39,2
360030,39,2
208643,47,1
326017,46,1
55692,12,0
115520,12,0
37875,12,0
36322,66,1
50432,12,0
59902,12,0
72735,12,0
59045,12,0
253654,4,0
90502,12,0
27842,5,0
310454,46,1
36868,12,0
173422,47,1
13434,17,0
254353,4,0
329715,36,2
289601,10,0
179167,47,1
328040,46,1
327343,46,1
138465,20,0
180894,47,1
171860,47,1
223476,47,1
380693,39,2
337834,36,2
258700,4,0
409059,39,2
346771,39,2
372652,39,2
242765,4,0
22775,17,0
353194,39,2
286717,10,0
6476,38,2
239293,4,0
143400,22,0
312903,46,1
123388,12,0
95625,12,0
292874,10,0
202982,47,1
104203,12,0
7758,11,0
426489,39,2
365665,39,2
347960,39,2
269364,10,0
153698,47,1
192874,47,1
363602,39,2
28224,5,0
991,25,0
307479,46,1
141471,20,0
275825,10,0
44641,12,0
439049,39,2
100528,12,0
232817,51,1
321398,46,1
272446,10,0
35514,66,1
93877,12,0
267123,10,0
248891,4,0
210947,47,1
5447,54,1
125457,12,0
125965,12,0
72086,12,0
145878,47,1
23442,17,0
128680,20,0
248011,4,0
383236,39,2
436941,39,2
165366,47,1
93181,12,0
16903,17,0
383776,39,2
20130,17,0
434571,39,2
191032,47,1
222759,47,1
161849,47,1
110056,12,0
386090,39,2
373625,39,2
73010,12,0
161676,47,1
75559,12,0
117794,12,0
133455,20,0
136388,20,0
130219,20,0
89661,12,0
49185,12,0
219447,47,1
185092,47,1
419406,39,2
23961,17,0
358631,39,2
315861,46,1
34923,66,1
357143,39,2
231544,51,1
19864,17,0
266235,10,0
189277,47,1
273556,10,0
171650,47,1
27758,5,0
382690,39,2
215835,47,1
71074,12,0
377478,39,2
196318,47,1
177835,47,1
437738,39,2
6724,11,0
182277,47,1
429778,39,2
351277,39,2
142297,22,0
40768,12,0
402919,39,2
393370,39,2
335218,36,2
262421,10,0
89368,12,0
52107,12,0
75859,12,0
264897,10,0
249250,4,0
194138,47,1
421774,39,2
36817,12,0
390275,39,2
266528,10,0
39390,12,0
55994,12,0
179286,47,1
185454,47,1
249909,4,0
201339,47,1
204767,47,1
386108,39,2
137643,20,0
14235,17,0
39738,12,0
422702,39,2
397280,39,2
117445,12,0
293372,10,0
170911,47,1
415074,39,2
79804,12,0
337241,36,2
348327,39,2
111703,12,0
88463,12,0
366733,39,2
126065,12,0
180738,47,1
423139,39,2
150975,47,1
177539,47,1
320758,46,1
156069,47,1
82715,12,0
75870,12,0
294983,42,2
371766,39,2
281990,10,0
124447,12,0
376750,39,2
276594,10,0
403923,39,2
348777,39,2
400030,39,2
281336,10,0
139620,20,0
82857,12,0
51332,12,0
61324,12,0
253208,4,0
85102,12,0
307291,46,1
307765,46,1
427665,39,2
133171,20,0
330606,36,2
191440,47,1
17042,17,0
413874,39,2
213937,47,1
88609,12,0
181610,47,1
30989,66,1
360866,39,2
335284,36,2
412212,39,2
224688,47,1
163469,47,1
247104,4,0
157284,47,1
352031,39,2
174901,47,1
427141,39,2
327731,46,1
25586,1,0
8868,38,2
60657,12,0
131419,20,0
89932,12,0
101818,12,0
357038,39,2
193752,47,1
152540,47,1
324547,46,1
380355,39,2
425123,39,2
363917,39,2
402542,39,2
405626,39,2
107253,12,0
144528,22,0
49742,12,0
268632,10,0
243261,4,0
360753,39,2
176361,47,1
91204,12,0
301560,46,1
195017,47,1
134031,20,0
70986,12,0
253878,4,0
105662,12,0
70863,12,0
250009,4,0
231929,51,1
195100,47,1
323288,46,1
203470,47,1
15642,17,0
249767,4,0
396024,39,2
231952,51,1
44624,12,0
143348,22,0
249650,4,0
282742,10,0
344829,39,2
431582,39,2
5673,11,0
258126,4,0
352463,39,2
274068,10,0
399780,39,2
31530,66,1
428432,39,2
176749,47,1
9709,11,0
33512,66,1
122013,12,0
436275,39,2
165340,47,1
165714,47,1
182873,47,1
35248,66,1
104285,12,0
21660,17,0
175794,47,1
141681,20,0
40512,12,0
260983,4,0
93027,12,0
131053,20,0
172454,47,1
64108,12,0
240297,4,0
420425,39,2
213230,47,1
426168,39,2
267722,10,0
345756,39,2
319358,46,1
336138,36,2
342223,39,2
284205,10,0
90558,12,0
90414,12,0
101831,12,0
178038,47,1
276528,10,0
100423,12,0
308256,46,1
232404,51,1
155202,47,1
289657,10,0
262024,4,0
350813,39,2
400480,39,2
409910,39,2
63422,12,0
38376,12,0
123551,12,0
350170,39,2
31750,66,1
161618,47,1
179325,47,1
385566,39,2
350977,39,2
67231,12,0
69989,12,0
225735,47,1
24208,17,0
371724,39,2
141082,20,0
182700,47,1
83164,12,0
270833,10,0
430614,39,2
250287,4,0
435475,39,2
359143,39,2
13786,17,0
306760,46,1
299367,42,2
288168,10,0
124323,12,0
130279,20,0
209595,47,1
176532,47,1
406042,39,2
167730,47,1
437597,39,2
253090,4,0
274436,10,0
26926,1,0
326786,46,1
400232,39,2
391200,39,2
125460,12,0
318452,46,1
152771,47,1
428323,39,2
133905,20,0
76276,12,0
120407,12,0
281251,10,0
400207,39,2
136104,20,0
248370,4,0
271185,10,0
369486,39,2
10631,44,1
167634,47,1
94521,12,0
99952,12,0
222174,47,1
263299,10,0
66855,12,0
202542,47,1
403984,39,2
253058,4,0
403283,39,2
199605,47,1
372607,39,2
220344,47,1
112929,12,0
189706,47,1
435625,39,2
313792,46,1
19227,17,0
407952,39,2
416229,39,2
341807,39,2
313042,46,1
103147,12,0
17870,17,0
297252,42,2
208310,47,1
224620,47,1
289402,10,0
230211,51,1
265672,10,0
33408,66,1
40963,12,0
123072,12,0
346275,39,2
433532,39,2
59845,12,0
105831,12,0
177828,47,1
227519,47,1
380833,39,2
208037,47,1
95308,12,0
435491,39,2
14231,17,0
242289,4,0
330746,36,2
296300,42,2
303520,46,1
328948,36,2
184371,47,1
209118,47,1
331382,36,2
256711,4,0
2923,44,1
350024,39,2
114403,12,0
75279,12,0
168280,47,1
265409,10,0
287128,10,0
324142,46,1
133945,20,0
199386,47,1
276312,10,0
31948,66,1
297508,42,2
401302,39,2
372913,39,2
145820,47,1
71757,12,0
163178,47,1
126533,12,0
45949,12,0
266056,10,0
29650,5,0
13719,17,0
315450,46,1
68128,12,0
269585,10,0
300012,42,2
260131,4,0
309797,46,1
435188,39,2
245985,4,0
179613,47,1
59737,12,0
123517,12,0
287768,10,0
284759,10,0
407828,39,2
306206,46,1
331639,36,2
350262,39,2
234386,51,1
303547,46,1
377721,39,2
49995,12,0
40352,12,0
35717,66,1
303323,46,1
92807,12,0
55532,12,0
37849,12,0
325559,46,1
276912,10,0
154244,47,1
126402,12,0
30002,5,0
287022,10,0
164056,47,1
158658,47,1
393316,39,2
227655,47,1
177335,47,1
407536,39,2
276346,10,0
21677,17,0
355466,39,2
318090,46,1
302601,46,1
80235,12,0
187327,47,1
57812,12,0
148875,47,1
54369,12,0
421400,39,2
48732,12,0
163911,47,1
283085,10,0
113874,12,0
39129,12,0
273305,10,0
336225,36,2
10746,38,2
112555,12,0
352697,39,2
120160,12,0
2076,48,1
147842,47,1
148164,47,1
249826,4,0
306910,46,1
179569,47,1
338928,36,2
35042,66,1
353606,39,2
387521,39,2
74804,12,0
382223,39,2
110817,12,0
256823,4,0
404565,39,2
278742,10,0
5278,44,1
47857,12,0
69254,12,0
57194,12,0
167882,47,1
338588,36,2
308914,46,1
377492,39,2
17421,17,0
398049,39,2
351880,39,2
218044,47,1
51432,12,0
409090,39,2
126349,12,0
338553,36,2
67941,12,0
264322,10,0
250994,4,0
289063,10,0
184863,47,1
255949,4,0
238688,4,0
277971,10,0
101150,12,0
104646,12,0
1014,37,2
158641,47,1
166930,47,1
13369,17,0
144339,22,0
205657,47,1
66532,12,0
261085,4,0
275298,10,0
256626,4,0
153541,47,1
165784,47,1
234518,51,1
127891,12,0
23507,17,0
371123,39,2
237252,4,0
76000,12,0
337348,36,2
309153,46,1
64819,12,0
286992,10,0
329345,36,2
119655,12,0
408558,39,2
404490,39,2
210299,47,1
224599,47,1
351634,39,2
135664,20,0
282864,10,0
189779,47,1
352611,39,2
348746,39,2
61875,12,0
417942,39,2
344235,39,2
410766,39,2
305200,46,1
67862,12,0
261882,4,0
283487,10,0
71834,12,0
259702,4,0
406337,39,2
54251,12,0
86522,12,0
388438,39,2
315148,46,1
3178,56,1
271994,10,0
203115,47,1
152879,47,1
99782,12,0
421931,39,2
45084,12,0
128722,20,0
135902,20,0
410231,39,2
390421,39,2
428279,39,2
198342,47,1
33980,66,1
291705,10,0
27854,5,0
353835,39,2
103441,12,0
122663,12,0
250361,4,0
364977,39,2
27110,1,0
439222,39,2
275431,10,0
303970,46,1
382495,39,2
202312,47,1
236192,4,0
142658,22,0
45124,12,0
360397,39,2
99214,12,0
16317,17,0
197630,47,1
9804,48,1
233398,51,1
150664,47,1
426349,39,2
352205,39,2
50184,12,0
11560,44,1
140504,20,0
271879,10,0
218199,47,1
227160,47,1
406071,39,2
297966,42,2
51178,12,0
335497,36,2
201908,47,1
331270,36,2
17724,17,0
438871,39,2
323025,46,1
421652,39,2
414923,39,2
190265,47,1
38898,12,0
422711,39,2
202576,47,1
433019,39,2
78676,12,0
121415,12,0
80110,12,0
153994,47,1
237491,4,0
428856,39,2
3636,31,2
163778,47,1
322805,46,1
37140,12,0
52427,12,0
170174,47,1
364300,39,2
10016,21,0
93058,12,0
304470,46,1
17006,17,0
322499,46,1
41822,12,0
72830,12,0
75899,12,0
380117,39,2
104776,12,0
350914,39,2
90859,12,0
281646,10,0
426140,39,2
94044,12,0
405041,39,2
43147,12,0
64053,12,0
63613,12,0
320465,46,1
277346,10,0
139033,20,0
52373,12,0
275253,10,0
82657,12,0
76663,12,0
9570,9,0
71646,12,0
142925,22,0
275307,10,0
231855,51,1
157475,47,1
290481,10,0
219158,47,1
413958,39,2
405102,39,2
192915,47,1
159086,47,1
186148,47,1
295177,42,2
381044,39,2
396286,39,2
220952,47,1
277588,10,0
5920,48,1
267514,10,0
72351,12,0
49404,12,0
374600,39,2
68882,12,0
110915,12,0
271947,10,0
396338,39,2
130312,20,0
128595,20,0
9535,43,2
377294,39,2
26569,1,0
143660,22,0
333082,36,2
112876,12,0
380762,39,2
160536,47,1
55116,12,0
126160,12,0
139290,20,0
378208,39,2
208352,47,1
269238,10,0
251782,4,0
233083,51,1
395009,39,2
138572,20,0
247558,4,0
99095,12,0
11224,21,0
32249,66,1
258585,4,0
434219,39,2
437254,39,2
330743,36,2
315601,46,1
376391,39,2
377441,39,2
338152,36,2
406541,39,2
15817,17,0
184483,47,1
339958,36,2
146276,47,1
419211,39,2
182333,47,1
166360,47,1
391689,39,2
203150,47,1
189463,47,1
403138,39,2
251460,4,0
147509,47,1
421650,39,2
361501,39,2
2147,38,2
292982,10,0
319149,46,1
90122,12,0
178488,47,1
42076,12,0
213757,47,1
286869,10,0
412759,39,2
371215,39,2
128769,20,0
374833,39,2
328781,46,1
110616,12,0
325801,46,1
432702,39,2
375794,39,2
214923,47,1
165894,47,1
233826,51,1
271164,10,0
241834,4,0
128369,20,0
263732,10,0
5021,18,0
292567,10,0
18716,17,0
145347,47,1
116143,12,0
178525,47,1
281100,10,0
366793,39,2
216943,47,1
143815,22,0
370689,39,2
8741,11,0
285045,10,0
323138,46,1
230944,51,1
49809,12,0
277995,10,0
305635,46,1
264365,10,0
432270,39,2
111142,12,0
173898,47,1
85217,12,0
80148,12,0
410170,39,2
56409,12,0
44915,12,0
96912,12,0
357927,39,2
260241,4,0
199985,47,1
146809,47,1
402193,39,2
4596,31,2
292224,10,0
118015,12,0
314614,46,1
31915,66,1
327490,46,1
134162,20,0
243916,4,0
23928,17,0
166058,47,1
116123,12,0
353172,39,2
316752,46,1
397872,39,2
327210,46,1
404949,39,2
93014,12,0
178048,47,1
352975,39,2
295183,42,2
280130,10,0
219668,47,1
307867,46,1
186057,47,1
343449,39,2
297077,42,2
29931,5,0
141830,22,0
232123,51,1
365773,39,2
236126,51,1
172546,47,1
22528,17,0
167877,47,1
159939,47,1
99679,12,0
302020,46,1
367527,39,2
40109,12,0
205329,47,1
276363,10,0
107056,12,0
400294,39,2
77500,12,0
309772,46,1
242477,4,0
242697,4,0
118607,12,0
193979,47,1
250568,4,0
328541,46,1
329433,36,2
305081,46,1
262661,10,0
282045,10,0
425300,39,2
364631,39,2
93163,12,0
296634,42,2
23717,17,0
210047,47,1
117250,12,0
365078,39,2
377752,39,2
435769,39,2
427575,39,2
398698,39,2
57078,12,0
234827,51,1
249700,4,0
243251,4,0
38321,12,0
330092,36,2
322697,46,1
250546,4,0
239473,4,0
96901,12,0
146188,47,1
36316,66,1
93150,12,0
88575,12,0
173301,47,1
367706,39,2
403574,39,2
38648,12,0
183871,47,1
360063,39,2
235096,51,1
106606,12,0
230255,51,1
193751,47,1
62807,12,0
220810,47,1
59048,12,0
163363,47,1
58299,12,0
371584,39,2
433907,39,2
394828,39,2
342944,39,2
155694,47,1
67094,12,0
266807,10,0
345839,39,2
104970,12,0
250554,4,0
378942,39,2
74534,12,0
437595,39,2
46996,12,0
56856,12,0
51787,12,0
314561,46,1
308756,46,1
162762,47,1
318534,46,1
426482,39,2
143704,22,0
290402,10,0
357679,39,2
316367,46,1
129763,20,0
150755,47,1
437437,39,2
282344,10,0
248531,4,0
263923,10,0
414680,39,2
302333,46,1
422991,39,2
212120,47,1
15917,17,0
302233,46,1
180482,47,1
363714,39,2
164615,47,1
188307,47,1
302054,46,1
413334,39,2
187829,47,1
82513,12,0
54620,12,0
9664,11,0
168133,47,1
300797,42,2
386531,39,2
290282,10,0
357772,39,2
343456,39,2
103158,12,0
157498,47,1
133348,20,0
374132,39,2
369775,39,2
294857,42,2
172436,47,1
158132,47,1
303838,46,1
222689,47,1
290991,10,0
61608,12,0
245786,4,0
312871,46,1
137720,20,0
123359,12,0
89771,12,0
136437,20,0
257996,4,0
297771,42,2
333686,36,2
332845,36,2
24117,17,0
418242,39,2
7097,9,0
284341,10,0
64181,12,0
37119,12,0
187271,47,1
2125,21,0
179553,47,1
404122,39,2
154692,47,1
812,11,0
126319,12,0
255990,4,0
332163,36,2
258479,4,0
238342,4,0
283934,10,0
83757,12,0
57007,12,0
223322,47,1
298877,42,2
123410,12,0
165562,47,1
68842,12,0
221857,47,1
86564,12,0
141971,22,0
119188,12,0
190619,47,1
338754,36,2
293227,10,0
374568,39,2
11931,11,0
308390,46,1
134798,20,0
48661,12,0
381717,39,2
58982,12,0
424848,39,2
128422,20,0
171062,47,1
136083,20,0
90847,12,0
85533,12,0
296517,42,2
142209,22,0
119847,12,0
54586,12,0
190072,47,1
432433,39,2
134272,20,0
419399,39,2
264716,10,0
292828,10,0
288236,10,0
274395,10,0
252740,4,0
173075,47,1
378648,39,2
419357,39,2
55831,12,0
129721,20,0
413037,39,2
116185,12,0
317805,46,1
232899,51,1
233241,51,1
25577,1,0
289920,10,0
127343,12,0
63788,12,0
319215,46,1
121972,12,0
362391,39,2
49498,12,0
365338,39,2
162285,47,1
7706,3,0
5940,6,0
263246,10,0
376832,39,2
147423,47,1
361253,39,2
32318,66,1
316664,46,1
266229,10,0
137407,20,0
79043,12,0
406652,39,2
339847,36,2
105333,12,0
295800,42,2
309206,46,1
119440,12,0
140719,20,0
125120,12,0
54310,12,0
121672,12,0
347186,39,2
29983,5,0
358809,39,2
84764,12,0
396756,39,2
179751,47,1
215677,47,1
335738,36,2
33229,66,1
381838,39,2
121567,12,0
159435,47,1
288110,10,0
170715,47,1
184200,47,1
348851,39,2
345587,39,2
247511,4,0
271767,10,0
277956,10,0
394535,39,2
20163,17,0
368030,39,2
117565,12,0
285503,10,0
35567,66,1
170430,47,1
52262,12,0
271100,10,0
414444,39,2
419644,39,2
154593,47,1
232388,51,1
300751,42,2
291048,10,0
292640,10,0
384745,39,2
295092,42,2
236110,51,1
74974,12,0
170672,47,1
27622,5,0
304487,46,1
194410,47,1
37141,12,0
350270,39,2
327407,46,1
352376,39,2
277383,10,0
259927,4,0
192836,47,1
427456,39,2
108048,12,0
243,48,1
348729,39,2
437124,39,2
176799,47,1
238525,4,0
362789,39,2
107606,12,0
1361,11,0
211174,47,1
190084,47,1
100584,12,0
415836,39,2
35882,66,1
417598,39,2
138702,20,0
416157,39,2
59713,12,0
45671,12,0
156581,47,1
280288,10,0
303542,46,1
251334,4,0
117890,12,0
399158,39,2
174377,47,1
278551,10,0
327488,46,1
284126,10,0
23354,17,0
264648,10,0
218957,47,1
324299,46,1
342134,39,2
1211,48,1
342921,39,2
42482,12,0
330946,36,2
79776,12,0
353598,39,2
111928,12,0
126469,12,0
105422,12,0
243751,4,0
402431,39,2
268043,10,0
373203,39,2
243246,4,0
335162,36,2
433386,39,2
309319,46,1
285621,10,0
218201,47,1
232055,51,1
289965,10,0
246162,4,0
171180,47,1
292155,10,0
186980,47,1
225477,47,1
97946,12,0
94429,12,0
32484,66,1
303527,46,1
187676,47,1
226127,47,1
236953,4,0
362210,39,2
384380,39,2
402360,39,2
292676,10,0
111482,12,0
133355,20,0
261925,4,0
379965,39,2
170896,47,1
438054,39,2
283460,10,0
234308,51,1
278280,10,0
331338,36,2
164901,47,1
254087,4,0
325958,46,1
216409,47,1
215197,47,1
109048,12,0
177015,47,1
103200,12,0
195619,47,1
393310,39,2
141505,20,0
198891,47,1
432767,39,2
433887,39,2
21440,17,0
30547,66,1
70747,12,0
213977,47,1
355386,39,2
331565,36,2
203078,47,1
52430,12,0
36139,66,1
216924,47,1
84963,12,0
426839,39,2
149757,47,1
396686,39,2
131001,20,0
416027,39,2
8298,44,1
297988,42,2
29187,5,0
23144,17,0
383261,39,2
320441,46,1
267371,10,0
124347,12,0
366557,39,2
27772,5,0
172868,47,1
162682,47,1
114236,12,0
19708,17,0
50995,12,0
403965,39,2
161823,47,1
347,41,2
95484,12,0
365536,39,2
189356,47,1
260058,4,0
140746,20,0
429961,39,2
101188,12,0
218847,47,1
316837,46,1
70646,12,0
310521,46,1
343034,39,2
124575,12,0
432672,39,2
318560,46,1
87723,12,0
179188,47,1
234231,51,1
392576,39,2
63552,12,0
189019,47,1
144006,22,0
283082,10,0
207680,47,1
360535,39,2
228964,51,1
45781,12,0
333467,36,2
74811,12,0
225982,47,1
339223,36,2
110372,12,0
270456,10,0
220971,47,1
359170,39,2
400907,39,2
176407,47,1
322627,46,1
118806,12,0
40085,12,0
327832,46,1
257971,4,0
146898,47,1
346708,39,2
185258,47,1
195515,47,1
2240,56,1
240403,4,0
372111,39,2
196877,47,1
307552,46,1
166082,47,1
105263,12,0
389644,39,2
208035,47,1
121708,12,0
345391,39,2
71123,12,0
294437,42,2
286141,10,0
191076,47,1
435803,39,2
200814,47,1
311023,46,1
38099,12,0
136994,20,0
403094,39,2
376835,39,2
392880,39,2
358519,39,2
20920,17,0
197536,47,1
310678,46,1
412902,39,2
227123,47,1
395003,39,2
225996,47,1
198950,47,1
156395,47,1
431586,39,2
395087,39,2
21684,17,0
431413,39,2
338040,36,2
406402,39,2
243058,4,0
258951,4,0
225806,47,1
236908,4,0
157936,47,1
327617,46,1
332642,36,2
170207,47,1
43531,12,0
344734,39,2
57149,12,0
263162,10,0
172423,47,1
327563,46,1
5598,11,0
304140,46,1
1478,44,1
315605,46,1
342429,39,2
235648,51,1
143347,22,0
144798,47,1
19941,17,0
199404,47,1
396608,39,2
116682,12,0
171581,47,1
130338,20,0
354154,39,2
194940,47,1
167923,47,1
23495,17,0
416404,39,2
263115,10,0
135491,20,0
84092,12,0
306238,46,1
39825,12,0
231645,51,1
57737,12,0
161800,47,1
18055,17,0
77079,12,0
275679,10,0
179484,47,1
174446,47,1
24058,17,0
26631,1,0
393382,39,2
404354,39,2
348260,39,2
302816,46,1
28046,5,0
82700,12,0
247556,4,0
228425,51,1
82144,12,0
372627,39,2
73381,12,0
353135,39,2
348846,39,2
332335,36,2
211558,47,1
68949,12,0
72818,12,0
27737,5,0
317047,46,1
152642,47,1
87271,12,0
209075,47,1
166452,47,1
177454,47,1
338960,36,2
21910,17,0
87383,12,0
251152,4,0
66114,12,0
424728,39,2
254509,4,0
367289,39,2
308330,46,1
190568,47,1
71506,12,0
11322,37,2
371520,39,2
374147,39,2
209673,47,1
18162,17,0
288577,10,0
20359,17,0
195811,47,1
44694,12,0
350989,39,2
23510,17,0
284473,10,0
3967,44,1
243273,4,0
79458,12,0
7971,58,1
101093,12,0
181358,47,1
104267,12,0
197571,47,1
5274,3,0
345279,39,2
401364,39,2
386488,39,2
191208,47,1
314111,46,1
144903,47,1
249414,4,0
173695,47,1
138922,20,0
77577,12,0
49844,12,0
241010,4,0
111871,12,0
276457,10,0
236554,4,0
30940,66,1
32793,66,1
21620,17,0
275797,10,0
371802,39,2
15607,17,0
344850,39,2
320656,46,1
251863,4,0
342959,39,2
427380,39,2
178959,47,1
84850,12,0
261434,4,0
85449,12,0
10692,11,0
330852,36,2
25730,1,0
190602,47,1
299002,42,2
387424,39,2
329620,36,2
239511,4,0
202148,47,1
371973,39,2
118405,12,0
71615,12,0
66923,12,0
362902,39,2
24683,17,0
296138,42,2
175268,47,1
373845,39,2
77041,12,0
255360,4,0
57406,12,0
211787,47,1
413747,39,2
97023,12,0
167347,47,1
188081,47,1
30862,66,1
330179,36,2
436668,39,2
222735,47,1
266477,10,0
207541,47,1
230874,51,1
142582,22,0
351119,39,2
371160,39,2
97034,12,0
289591,10,0
405501,39,2
180718,47,1
209018,47,1
162892,47,1
320410,46,1
31028,66,1
328398,46,1
155878,47,1
397334,39,2
95412,12,0
288387,10,0
308797,46,1
415980,39,2
24642,17,0
134127,20,0
175628,47,1
235343,51,1
138180,20,0
22774,17,0
645,11,0
26284,1,0
15741,17,0
140635,20,0
312039,46,1
49502,12,0
119619,12,0
273330,10,0
221034,47,1
146309,47,1
278202,10,0
75903,12,0
360356,39,2
132492,20,0
187167,47,1
35557,66,1
60557,12,0
283259,10,0
355420,39,2
162777,47,1
199101,47,1
408965,39,2
173114,47,1
252302,4,0
22090,17,0
385515,39,2
315173,46,1
14644,17,0
212679,47,1
150877,47,1
73882,12,0
92175,12,0
134005,20,0
27562,5,0
209489,47,1
361692,39,2
362261,39,2
336338,36,2
177608,47,1
348165,39,2
165047,47,1
216445,47,1
139669,20,0
173936,47,1
396456,39,2
185341,47,1
314016,46,1
144261,22,0
152207,47,1
122676,12,0
360829,39,2
18898,17,0
118820,12,0
231765,51,1
9022,3,0
404590,39,2
81347,12,0
221143,47,1
335697,36,2
268909,10,0
363677,39,2
196601,47,1
433127,39,2
274674,10,0
362684,39,2
402137,39,2
318354,46,1
39700,12,0
415819,39,2
381836,39,2
172365,47,1
251027,4,0
404139,39,2
415953,39,2
231698,51,1
66624,12,0
279967,10,0
144665,47,1
268524,10,0
53596,12,0
307886,46,1
414954,39,2
303390,46,1
402726,39,2
275218,10,0
199739,47,1
371963,39,2
87014,12,0
204187,47,1
250819,4,0
231237,51,1
273345,10,0
104226,12,0
373288,39,2
114397,12,0
170676,47,1
302836,46,1
323911,46,1
321129,46,1
434268,39,2
136873,20,0
9885,44,1
21005,17,0
220338,47,1
192315,47,1
172063,47,1
190607,47,1
250576,4,0
93048,12,0
409577,39,2
149748,47,1
376019,39,2
220764,47,1
377640,39,2
405601,39,2
122704,12,0
88323,12,0
101419,12,0
320013,46,1
52500,12,0
387492,39,2
224394,47,1
350283,39,2
82083,12,0
193887,47,1
103001,12,0
343648,39,2
361998,39,2
221705,47,1
55211,12,0
104444,12,0
57769,12,0
187102,47,1
246637,4,0
113654,12,0
237934,4,0
415441,39,2
230108,51,1
368018,39,2
173694,47,1
262112,10,0
173944,47,1
81268,12,0
204039,47,1
50056,12,0
242414,4,0
110105,12,0
438975,39,2
112704,12,0
153421,47,1
22175,17,0
364200,39,2
331941,36,2
100335,12,0
113266,12,0
175385,47,1
410364,39,2
224876,47,1
101905,12,0
434363,39,2
350901,39,2
231622,51,1
165089,47,1
276627,10,0
342166,39,2
313547,46,1
401660,39,2
165519,47,1
399395,39,2
377446,39,2
143046,22,0
122638,12,0
336972,36,2
127535,12,0
407709,39,2
436679,39,2
21359,17,0
37873,12,0
287500,10,0
298550,42,2
136517,20,0
266272,10,0
201656,47,1
221939,47,1
392874,39,2
413140,39,2
160378,47,1
435717,39,2
230149,51,1
132822,20,0
391336,39,2
436317,39,2
102021,12,0
399526,39,2
205359,47,1
241325,4,0
265361,10,0
161587,47,1
189188,47,1
320053,46,1
193768,47,1
167006,47,1
61080,12,0
171383,47,1
282596,10,0
361349,39,2
152088,47,1
348641,39,2
206078,47,1
85539,12,0
231082,51,1
327582,46,1
395656,39,2
422901,39,2
148811,47,1
283181,10,0
211675,47,1
412103,39,2
402980,39,2
413450,39,2
401547,39,2
90439,12,0
252047,4,0
22553,17,0
312094,46,1
331092,36,2
173435,47,1
317480,46,1
322755,46,1
168369,47,1
31897,66,1
250198,4,0
171046,47,1
202777,47,1
23694,17,0
380742,39,2
320146,46,1
346492,39,2
220310,47,1
435797,39,2
60154,12,0
290938,10,0
252594,4,0
36842,12,0
245958,4,0
341718,39,2
433843,39,2
414672,39,2
135492,20,0
329859,36,2
413699,39,2
252029,4,0
231092,51,1
345393,39,2
244370,4,0
222089,47,1
176760,47,1
154012,47,1
385646,39,2
245668,4,0
178552,47,1
156177,47,1
238754,4,0
257485,4,0
110906,12,0
270414,10,0
218648,47,1
247074,4,0
231380,51,1
258170,4,0
25446,1,0
147148,47,1
70189,12,0
271581,10,0
395870,39,2
40781,12,0
402609,39,2
53893,12,0
52604,12,0
193132,47,1
188282,47,1
319869,46,1
339013,36,2
378014,39,2
421172,39,2
264333,10,0
271867,10,0
259787,4,0
243482,4,0
216563,47,1
187710,47,1
384452,39,2
190299,47,1
70704,12,0
236921,4,0
290839,10,0
101679,12,0
98302,12,0
293828,42,2
60136,12,0
224834,47,1
427566,39,2
374165,39,2
262823,10,0
116217,12,0
17728,17,0
82075,12,0
147851,47,1
338502,36,2
230561,51,1
299159,42,2
311374,46,1
167914,47,1
298296,42,2
383439,39,2
208685,47,1
19466,17,0
316632,46,1
263814,10,0
411770,39,2
215678,47,1
17558,17,0
251198,4,0
278182,10,0
122786,12,0
120737,12,0
104927,12,0
252420,4,0
407950,39,2
4724,58,1
367685,39,2
155502,47,1
423929,39,2
329106,36,2
248542,4,0
107833,12,0
309813,46,1
160936,47,1
319891,46,1
272902,10,0
336042,36,2
167461,47,1
146766,47,1
383434,39,2
211914,47,1
201116,47,1
225843,47,1
244262,4,0
301214,46,1
171847,47,1
335867,36,2
223700,47,1
144833,47,1
301087,46,1
95898,12,0
335269,36,2
284601,10,0
41704,12,0
417160,39,2
379593,39,2
62293,12,0
403661,39,2
360375,39,2
396204,39,2
160600,47,1
212911,47,1
432129,39,2
180355,47,1
375001,39,2
123422,12,0
244214,4,0
205404,47,1
340366,36,2
267130,10,0
57170,12,0
3381,44,1
87644,12,0
426263,39,2
197675,47,1
189182,47,1
286489,10,0
203084,47,1
86314,12,0
383764,39,2
226678,47,1
163633,47,1
12794,17,0
390387,39,2
265692,10,0
159174,47,1
104521,12,0
317610,46,1
21191,17,0
311910,46,1
363003,39,2
47640,12,0
283014,10,0
377641,39,2
171117,47,1
232009,51,1
203959,47,1
310415,46,1
396345,39,2
129794,20,0
82016,12,0
358448,39,2
48942,12,0
152927,47,1
24230,17,0
33856,66,1
403537,39,2
309284,46,1
340605,39,2
85721,12,0
326818,46,1
220864,47,1
156249,47,1
418394,39,2
156358,47,1
334309,36,2
312112,46,1
365548,39,2
361360,39,2
138582,20,0
138944,20,0
323900,46,1
422490,39,2
111878,12,0
156448,47,1
83174,12,0
179136,47,1
43781,12,0
346597,39,2
322306,46,1
206749,47,1
134936,20,0
150065,47,1
52135,12,0
431189,39,2
144486,22,0
66108,12,0
408081,39,2
198332,47,1
393539,39,2
394538,39,2
17368,17,0
100324,12,0
409892,39,2
30746,66,1
202537,47,1
164743,47,1
4350,11,0
424367,39,2
390211,39,2
393988,39,2
240882,4,0
294486,42,2
49889,12,0
67920,12,0
263832,10,0
12267,17,0
61398,12,0
311765,46,1
214125,47,1
290554,10,0
266696,10,0
422321,39,2
203174,47,1
112285,12,0
432915,39,2
222311,47,1
66134,12,0
288421,10,0
247864,4,0
180163,47,1
352316,39,2
102607,12,0
48309,12,0
260204,4,0
308370,46,1
66243,12,0
41680,12,0
399392,39,2
221792,47,1
176150,47,1
165689,47,1
222520,47,1
286697,10,0
67397,12,0
404206,39,2
408407,39,2
420594,39,2
130290,20,0
175900,47,1
49463,12,0
430982,39,2
421412,39,2
245959,4,0
110036,12,0
382247,39,2
247204,4,0
428653,39,2
66315,12,0
283682,10,0
107072,12,0
287821,10,0
352889,39,2
345675,39,2
402371,39,2
108963,12,0
270636,10,0
405645,39,2
334784,36,2
408356,39,2
418889,39,2
358301,39,2
311281,46,1
58072,12,0
400646,39,2
145774,47,1
160910,47,1
35384,66,1
170743,47,1
433001,39,2
435386,39,2
302912,46,1
45733,12,0
119464,12,0
890,15,0
182677,47,1
22509,17,0
106326,12,0
120809,12,0
234878,51,1
217841,47,1
155187,47,1
72403,12,0
15848,17,0
216487,47,1
107533,12,0
206070,47,1
417615,39,2
269780,10,0
139200,20,0
395852,39,2
431220,39,2
254041,4,0
102579,12,0
259153,4,0
183337,47,1
53360,12,0
362736,39,2
101268,12,0
168268,47,1
222429,47,1
431505,39,2
62853,12,0
407846,39,2
109341,12,0
48563,12,0
417350,39,2
426360,39,2
330596,36,2
264427,10,0
421759,39,2
388464,39,2
362844,39,2
189574,47,1
379755,39,2
70402,12,0
68657,12,0
313557,46,1
274049,10,0
89138,12,0
11706,11,0
126846,12,0
282787,10,0
219740,47,1
307344,46,1
62596,12,0
391306,39,2
437614,39,2
105760,12,0
183818,47,1
411041,39,2
346729,39,2
218803,47,1
44409,12,0
381223,39,2
385697,39,2
403862,39,2
403619,39,2
259010,4,0
438172,39,2
95486,12,0
160801,47,1
415141,39,2
92455,12,0
30708,66,1
57877,12,0
20505,17,0
213983,47,1
142017,22,0
42998,12,0
343148,39,2
62883,12,0
137383,20,0
234218,51,1
84842,12,0
408764,39,2
194937,47,1
328986,36,2
128719,20,0
353367,39,2
384948,39,2
281382,10,0
32115,66,1
163513,47,1
284123,10,0
208835,47,1
305115,46,1
104080,12,0
120844,12,0
287268,10,0
155176,47,1
395083,39,2
333873,36,2
244548,4,0
329515,36,2
378464,39,2
56723,12,0
292203,10,0
411326,39,2
149928,47,1
190287,47,1
244068,4,0
393046,39,2
436873,39,2
300671,42,2
391710,39,2
358197,39,2
264,21,0
306574,46,1
100138,12,0
219198,47,1
62710,12,0
193107,47,1
248720,4,0
242191,4,0
284845,10,0
155832,47,1
320397,46,1
399920,39,2
95668,12,0
267991,10,0
147969,47,1
175478,47,1
754,11,0
305254,46,1
70127,12,0
307496,46,1
215701,47,1
467,11,0
125796,12,0
243453,4,0
257755,4,0
177719,47,1
228544,51,1
249741,4,0
264372,10,0
386133,39,2
425938,39,2
119142,12,0
291858,10,0
78912,12,0
285353,10,0
65877,12,0
76095,12,0
239880,4,0
183983,47,1
11190,31,2
289380,10,0
259728,4,0
334718,36,2
25633,1,0
386743,39,2
39018,12,0
231029,51,1
267285,10,0
437649,39,2
381512,39,2
423636,39,2
215960,47,1
231491,51,1
306168,46,1
247313,4,0
153715,47,1
70594,12,0
372520,39,2
279491,10,0
47231,12,0
348974,39,2
301545,46,1
378994,39,2
21758,17,0
58181,12,0
99318,12,0
46529,12,0
108012,12,0
75737,12,0
268101,10,0
151963,47,1
171678,47,1
336382,36,2
405253,39,2
275050,10,0
68710,12,0
190335,47,1
312364,46,1
65177,12,0
124699,12,0
234808,51,1
164556,47,1
332598,36,2
7563,13,0
28161,5,0
226206,47,1
3130,21,0
280586,10,0
329913,36,2
167493,47,1
194726,47,1
284983,10,0
22346,17,0
99754,12,0
335500,36,2
324116,46,1
280197,10,0
358868,39,2
386044,39,2
250020,4,0
402992,39,2
241008,4,0
195810,47,1
208443,47,1
237335,4,0
338304,36,2
141583,20,0
285320,10,0
195124,47,1
282061,10,0
206383,47,1
326319,46,1
403563,39,2
59139,12,0
222985,47,1
269873,10,0
136141,20,0
42627,12,0
302310,46,1
277931,10,0
337021,36,2
268610,10,0
356526,39,2
303565,46,1
95831,12,0
310940,46,1
101064,12,0
81596,12,0
61783,12,0
298966,42,2
394912,39,2
218524,47,1
308412,46,1
103299,12,0
167639,47,1
356863,39,2
331849,36,2
278564,10,0
209584,47,1
14152,17,0
127842,12,0
431891,39,2
188202,47,1
390486,39,2
173040,47,1
351070,39,2
13820,17,0
83077,12,0
150286,47,1
62824,12,0
418967,39,2
97074,12,0
293269,10,0
433263,39,2
35972,66,1
97243,12,0
42932,12,0
316174,46,1
104988,12,0
45670,12,0
78608,12,0
270367,10,0
291030,10,0
109343,12,0
431412,39,2
427898,39,2
291863,10,0
221907,47,1
425027,39,2
155393,47,1
407985,39,2
398354,39,2
365498,39,2
398114,39,2
390815,39,2
133864,20,0
69134,12,0
352053,39,2
352573,39,2
410337,39,2
159315,47,1
169506,47,1
155642,47,1
169725,47,1
87353,12,0
182719,47,1
100563,12,0
269732,10,0
365438,39,2
65159,12,0
65505,12,0
160381,47,1
143632,22,0
91850,12,0
65677,12,0
54793,12,0
133671,20,0
48936,12,0
186140,47,1
340920,39,2
8159,48,1
143097,22,0
194615,47,1
338645,36,2
83545,12,0
236448,4,0
195077,47,1
233985,51,1
88309,12,0
395379,39,2
29387,5,0
232683,51,1
60549,12,0
296974,42,2
259599,4,0
187758,47,1
281060,10,0
143904,22,0
356733,39,2
2906,19,0
323530,46,1
409930,39,2
293388,10,0
85219,12,0
273344,10,0
339124,36,2
147731,47,1
150706,47,1
264485,10,0
424546,39,2
58213,12,0
318507,46,1
190878,47,1
15029,17,0
122261,12,0
196903,47,1
264614,10,0
325833,46,1
266103,10,0
180701,47,1
24205,17,0
194567,47,1
406855,39,2
117537,12,0
314022,46,1
22886,17,0
137153,20,0
393275,39,2
240842,4,0
3047,37,2
40386,12,0
289599,10,0
372363,39,2
53627,12,0
268185,10,0
404578,39,2
107233,12,0
265735,10,0
129641,20,0
186673,47,1
156737,47,1
419834,39,2
125807,12,0
381262,39,2
432374,39,2
128488,20,0
393895,39,2
269512,10,0
278370,10,0
960,2,0
210563,47,1
74529,12,0
35777,66,1
225852,47,1
372845,39,2
129418,20,0
163850,47,1
431285,39,2
244225,4,0
124889,12,0
108708,12,0
28698,5,0
408240,39,2
58574,12,0
86794,12,0
182595,47,1
432673,39,2
426844,39,2
258636,4,0
345427,39,2
279218,10,0
161331,47,1
300055,42,2
220021,47,1
170863,47,1
7801,21,0
118352,12,0
97944,12,0
53629,12,0
432800,39,2
230099,51,1
225752,47,1
97932,12,0
634,11,0
66137,12,0
4955,44,1
354780,39,2
403383,39,2
165151,47,1
333481,36,2
418395,39,2
257925,4,0
249322,4,0
158634,47,1
19820,17,0
130830,20,0
288044,10,0
331543,36,2
228156,47,1
405961,39,2
267416,10,0
112913,12,0
412209,39,2
167794,47,1
427499,39,2
107605,12,0
363889,39,2
311178,46,1
316570,46,1
297172,42,2
43778,12,0
420327,39,2
388890,39,2
152006,47,1
302226,46,1
184319,47,1
215798,47,1
370159,39,2
16597,17,0
391972,39,2
232367,51,1
316405,46,1
45942,12,0
350682,39,2
143757,22,0
260492,4,0
108035,12,0
91495,12,0
296735,42,2
261668,4,0
154975,47,1
366558,39,2
221481,47,1
252077,4,0
235048,51,1
312740,46,1
299536,42,2
275248,10,0
191121,47,1
59001,12,0
4542,44,1
378666,39,2
90019,12,0
396395,39,2
193218,47,1
216214,47,1
77508,12,0
389011,39,2
158574,47,1
220193,47,1
152571,47,1
4529,11,0
186926,47,1
340157,36,2
66611,12,0
384396,39,2
417625,39,2
328998,36,2
17064,17,0
83579,12,0
43257,12,0
209384,47,1
259790,4,0
35677,66,1
120288,12,0
305551,46,1
8508,44,1
105751,12,0
423259,39,2
300304,42,2
226971,47,1
147283,47,1
386285,39,2
219281,47,1
229805,51,1
189963,47,1
18878,17,0
427577,39,2
84308,12,0
390016,39,2
140921,20,0
186478,47,1
216700,47,1
76859,12,0
104165,12,0
311839,46,1
148977,47,1
211977,47,1
356618,39,2
298775,42,2
137731,20,0
134314,20,0
37221,12,0
49461,12,0
207690,47,1
173842,47,1
310965,46,1
297432,42,2
56795,12,0
93211,12,0
216942,47,1
431168,39,2
314004,46,1
76476,12,0
334206,36,2
187904,47,1
337397,36,2
281283,10,0
157041,47,1
242315,4,0
310451,46,1
10190,38,2
219926,47,1
367184,39,2
198413,47,1
16217,17,0
302950,46,1
174177,47,1
209679,47,1
193902,47,1
159206,47,1
89744,12,0
95165,12,0
239284,4,0
110881,12,0
19293,17,0
140672,20,0
403121,39,2
360045,39,2
268727,10,0
40655,12,0
225035,47,1
320436,46,1
162639,47,1
18760,17,0
26560,1,0
365740,39,2
422873,39,2
27085,1,0
321406,46,1
80018,12,0
209332,47,1
39085,12,0
249559,4,0
85990,12,0
142963,22,0
74917,12,0
74339,12,0
62441,12,0
411357,39,2
369720,39,2
356465,39,2
199366,47,1
78553,12,0
333961,36,2
312439,46,1
143717,22,0
271754,10,0
419808,39,2
88881,12,0
182724,47,1
328439,46,1
295278,42,2
216771,47,1
217869,47,1
258574,4,0
14306,17,0
364382,39,2
127804,12,0
116455,12,0
373054,39,2
436526,39,2
206474,47,1
330994,36,2
361336,39,2
285915,10,0
149019,47,1
152599,47,1
189636,47,1
369899,39,2
308505,46,1
143371,22,0
185209,47,1
197808,47,1
223966,47,1
4285,11,0
280173,10,0
19505,17,0
171544,47,1
2691,31,2
70661,12,0
403291,39,2
111153,12,0
261151,4,0
281054,10,0
43830,12,0
123649,12,0
315662,46,1
427430,39,2
224353,47,1
204184,47,1
129055,20,0
53364,12,0
89861,12,0
427626,39,2
353225,39,2
338959,36,2
329683,36,2
415681,39,2
193684,47,1
280207,10,0
383729,39,2
220408,47,1
186125,47,1
302181,46,1
142444,22,0
288959,10,0
233076,51,1
292367,10,0
210459,47,1
283497,10,0
336503,36,2
204218,47,1
358721,39,2
250600,4,0
344221,39,2
25001,1,0
231008,51,1
294675,42,2
119417,12,0
369251,39,2
234796,51,1
34302,66,1
310742,46,1
360564,39,2
266253,10,0
195108,47,1
39555,12,0
184840,47,1
60940,12,0
164613,47,1
353301,39,2
271622,10,0
294856,42,2
209612,47,1
79756,12,0
224117,47,1
311436,46,1
110864,12,0
361129,39,2
289072,10,0
60917,12,0
63997,12,0
95529,12,0
385333,39,2
402003,39,2
30020,66,1
148942,47,1
264766,10,0
126280,12,0
160751,47,1
158518,47,1
32227,66,1
325074,46,1
392207,39,2
238614,4,0
405618,39,2
63890,12,0
48090,12,0
326689,46,1
365395,39,2
182223,47,1
6645,3,0
313771,46,1
387159,39,2
53245,12,0
247894,4,0
202113,47,1
177006,47,1
107364,12,0
421502,39,2
198060,47,1
312967,46,1
422973,39,2
74062,12,0
214142,47,1
407296,39,2
158042,47,1
122502,12,0
97395,12,0
251040,4,0
409247,39,2
379022,39,2
431638,39,2
85284,12,0
254750,4,0
157598,47,1
277391,10,0
395465,39,2
187967,47,1
388929,39,2
300033,42,2
239916,4,0
37511,12,0
13920,17,0
148941,47,1
176418,47,1
206762,47,1
33601,66,1
219408,47,1
320105,46,1
74978,12,0
35295,66,1
234203,51,1
211935,47,1
97121,12,0
355044,39,2
246480,4,0
128048,12,0
231525,51,1
218543,47,1
138876,20,0
130327,20,0
288715,10,0
386522,39,2
396388,39,2
388209,39,2
411748,39,2
302026,46,1
415933,39,2
148201,47,1
381930,39,2
116331,12,0
309250,46,1
412505,39,2
161601,47,1
189685,47,1
10114,41,2
190947,47,1
430990,39,2
132589,20,0
179183,47,1
194944,47,1
134298,20,0
294147,42,2
401113,39,2
1985,34,2
1722,3,0
81709,12,0
132610,20,0
388073,39,2
185681,47,1
177242,47,1
383210,39,2
159632,47,1
152164,47,1
321295,46,1
376364,39,2
347172,39,2
45478,12,0
406272,39,2
334141,36,2
410085,39,2
67805,12,0
279834,10,0
19260,17,0
138033,20,0
94872,12,0
53877,12,0
322302,46,1
270115,10,0
4832,11,0
135518,20,0
54897,12,0
97254,12,0
205645,47,1
246799,4,0
88791,12,0
116566,12,0
389250,39,2
89924,12,0
241191,4,0
52577,12,0
143317,22,0
296444,42,2
75717,12,0
281653,10,0
383213,39,2
134550,20,0
274789,10,0
50472,12,0
199275,47,1
438120,39,2
303035,46,1
344910,39,2
251832,4,0
290763,10,0
390487,39,2
436367,39,2
206674,47,1
42171,12,0
109711,12,0
403669,39,2
164430,47,1
405380,39,2
320103,46,1
207988,47,1
221254,47,1
9459,54,1
224655,47,1
377215,39,2
332098,36,2
76842,12,0
422015,39,2
169197,47,1
436508,39,2
353139,39,2
236468,4,0
255434,4,0
176498,47,1
344468,39,2
27171,1,0
401623,39,2
384756,39,2
386816,39,2
393505,39,2
203316,47,1
20841,17,0
377656,39,2
184085,47,1
57995,12,0
330900,36,2
433136,39,2
306054,46,1
279715,10,0
300512,42,2
252787,4,0
204126,47,1
144112,22,0
329261,36,2
264127,10,0
236883,4,0
323082,46,1
123745,12,0
326750,46,1
99033,12,0
16565,17,0
95097,12,0
24988,1,0
139766,20,0
143458,22,0
96455,12,0
22015,17,0
26865,1,0
256873,4,0
399237,39,2
181692,47,1
55001,12,0
35407,66,1
378915,39,2
7987,15,0
83507,12,0
422416,39,2
283351,10,0
44200,12,0
148032,47,1
211676,47,1
51381,12,0
275944,10,0
223682,47,1
306899,46,1
343106,39,2
180022,47,1
187196,47,1
100330,12,0
368092,39,2
174512,47,1
325716,46,1
35660,66,1
43734,12,0
201388,47,1
33575,66,1
425512,39,2
239222,4,0
92639,12,0
204255,47,1
274595,10,0
215716,47,1
349503,39,2
22006,17,0
78546,12,0
327423,46,1
82354,12,0
345318,39,2
358441,39,2
252735,4,0
149335,47,1
210755,47,1
190821,47,1
232725,51,1
294041,42,2
173821,47,1
47013,12,0
74102,12,0
336843,36,2
72764,12,0
73167,12,0
42456,12,0
336981,36,2
252798,4,0
331390,36,2
216567,47,1
419157,39,2
219473,47,1
190018,47,1
246416,4,0
141072,20,0
262310,10,0
391763,39,2
60541,12,0
294306,42,2
393263,39,2
230794,51,1
317448,46,1
330103,36,2
321663,46,1
39747,12,0
268738,10,0
40529,12,0
278989,10,0
270249,10,0
150137,47,1
242817,4,0
366896,39,2
132358,20,0
323328,46,1
174239,47,1
137983,20,0
29762,5,0
162157,47,1
53174,12,0
341910,39,2
67533,12,0
225642,47,1
216504,47,1
141214,20,0
223044,47,1
364926,39,2
387900,39,2
393051,39,2
397834,39,2
86105,12,0
420025,39,2
424122,39,2
23316,17,0
334859,36,2
375105,39,2
35355,66,1
58305,12,0
380672,39,2
320846,46,1
326497,46,1
192000,47,1
16557,17,0
111861,12,0
294030,42,2
78860,12,0
169775,47,1
299071,42,2
178322,47,1
230724,51,1
157923,47,1
179918,47,1
145026,47,1
219771,47,1
397428,39,2
95407,12,0
372545,39,2
393424,39,2
119396,12,0
94961,12,0
65527,12,0
11911,48,1
392609,39,2
72420,12,0
24428,17,0
20506,17,0
423209,39,2
352513,39,2
356034,39,2
337718,36,2
251109,4,0
291558,10,0
407113,39,2
104192,12,0
207169,47,1
119757,12,0
68083,12,0
267062,10,0
52978,12,0
227720,47,1
211009,47,1
81736,12,0
128568,20,0
351091,39,2
176261,47,1
283075,10,0
20439,17,0
170011,47,1
424000,39,2
45028,12,0
382614,39,2
86308,12,0
108763,12,0
191344,47,1
50053,12,0
68952,12,0
64604,12,0
205915,47,1
203132,47,1
231515,51,1
5323,38,2
393389,39,2
284114,10,0
429148,39,2
339834,36,2
183837,47,1
170081,47,1
375133,39,2
372804,39,2
31284,66,1
331449,36,2
407452,39,2
57579,12,0
160598,47,1
292348,10,0
204129,47,1
217299,47,1
239162,4,0
295611,42,2
182301,47,1
414,11,0
431801,39,2
266345,10,0
370511,39,2
265067,10,0
393231,39,2
24993,1,0
144148,22,0
6522,44,1
61465,12,0
137373,20,0
260179,4,0
175919,47,1
299474,42,2
254918,4,0
393729,39,2
62447,12,0
104837,12,0
51599,12,0
313489,46,1
296706,42,2
53806,12,0
53233,12,0
236572,4,0
278516,10,0
229520,51,1
47024,12,0
201403,47,1
282090,10,0
208942,47,1
279826,10,0
144871,47,1
188454,47,1
152822,47,1
170200,47,1
285560,10,0
178213,47,1
413307,39,2
233440,51,1
133417,20,0
36065,66,1
391918,39,2
432051,39,2
378391,39,2
172270,47,1
399727,39,2
58673,12,0
427673,39,2
217031,47,1
337799,36,2
313764,46,1
416145,39,2
195199,47,1
342949,39,2
143804,22,0
82098,12,0
132824,20,0
36343,66,1
46903,12,0
27719,5,0
392378,39,2
333074,36,2
288832,10,0
82728,12,0
165055,47,1
91092,12,0
136197,20,0
417328,39,2
90627,12,0
332903,36,2
321877,46,1
58154,12,0
381448,39,2
342226,39,2
136118,20,0
372987,39,2
328763,46,1
246461,4,0
200652,47,1
81165,12,0
264657,10,0
210531,47,1
200060,47,1
311428,46,1
407243,39,2
122287,12,0
317624,46,1
227614,47,1
427027,39,2
242415,4,0
77796,12,0
389114,39,2
191429,47,1
377135,39,2
432197,39,2
132134,20,0
318603,46,1
54132,12,0
427907,39,2
240426,4,0
128784,20,0
10231,48,1
285057,10,0
255713,4,0
27282,5,0
96699,12,0
214417,47,1
309921,46,1
74394,12,0
132980,20,0
397524,39,2
304335,46,1
277500,10,0
369086,39,2
55802,12,0
396343,39,2
122254,12,0
389572,39,2
408876,39,2
336958,36,2
378808,39,2
126475,12,0
27093,1,0
371113,39,2
156023,47,1
272907,10,0
330714,36,2
11308,48,1
119189,12,0
91347,12,0
247027,4,0
218842,47,1
276678,10,0
221349,47,1
218290,47,1
137091,20,0
91804,12,0
236521,4,0
214384,47,1
338813,36,2
291459,10,0
282918,10,0
428178,39,2
125250,12,0
106559,12,0
175654,47,1
12433,17,0
166802,47,1
143771,22,0
330826,36,2
52000,12,0
355849,39,2
324882,46,1
294215,42,2
308363,46,1
290469,10,0
180723,47,1
122801,12,0
100890,12,0
111833,12,0
330578,36,2
40649,12,0
32978,66,1
133290,20,0
407687,39,2
380996,39,2
359794,39,2
13743,17,0
16755,17,0
221306,47,1
330839,36,2
250328,4,0
179360,47,1
368518,39,2
166726,47,1
401564,39,2
253478,4,0
71378,12,0
414572,39,2
251258,4,0
31776,66,1
211966,47,1
355162,39,2
74383,12,0
114368,12,0
105818,12,0
334301,36,2
268246,10,0
41738,12,0
312757,46,1
106555,12,0
350733,39,2
296892,42,2
120221,12,0
343124,39,2
250028,4,0
404161,39,2
334921,36,2
160882,47,1
28114,5,0
418804,39,2
310152,46,1
377103,39,2
120476,12,0
246322,4,0
106483,12,0
362450,39,2
77842,12,0
265094,10,0
258077,4,0
296039,42,2
334192,36,2
386932,39,2
414096,39,2
376473,39,2
65684,12,0
176912,47,1
13839,17,0
124544,12,0
148375,47,1
36912,12,0
291060,10,0
26507,1,0
386751,39,2
156997,47,1
29335,5,0
154910,47,1
47659,12,0
374958,39,2
298085,42,2
175225,47,1
113487,12,0
111804,12,0
183567,47,1
58809,12,0
30434,66,1
226261,47,1
56250,12,0
74552,12,0
173659,47,1
408186,39,2
129873,20,0
411429,39,2
272880,10,0
265307,10,0
121802,12,0
295988,42,2
71180,12,0
39815,12,0
42818,12,0
350471,39,2
93437,12,0
55814,12,0
416383,39,2
36422,66,1
143700,22,0
402868,39,2
83437,12,0
373001,39,2
156934,47,1
272937,10,0
397466,39,2
419122,39,2
78158,12,0
165683,47,1
207476,47,1
206309,47,1
380589,39,2
268076,10,0
203495,47,1
208284,47,1
107653,12,0
204452,47,1
20344,17,0
115879,12,0
242754,4,0
198169,47,1
369973,39,2
328875,36,2
302558,46,1
141158,20,0
308709,46,1
155574,47,1
150408,47,1
387818,39,2
403936,39,2
262728,10,0
48,11,0
420383,39,2
9250,48,1
219190,47,1
143267,22,0
249064,4,0
187532,47,1
33599,66,1
371913,39,2
263423,10,0
101127,12,0
87886,12,0
344247,39,2
367309,39,2
214055,47,1
274001,10,0
91110,12,0
358589,39,2
163841,47,1
276011,10,0
27988,5,0
318425,46,1
408354,39,2
249354,4,0
128121,20,0
73853,12,0
212985,47,1
38224,12,0
368572,39,2
141775,20,0
431568,39,2
375928,39,2
420858,39,2
181791,47,1
284063,10,0
389686,39,2
671,63,1
48652,12,0
382550,39,2
175132,47,1
265727,10,0
386036,39,2
418672,39,2
385563,39,2
271349,10,0
230619,51,1
326023,46,1
394797,39,2
206541,47,1
433431,39,2
381637,39,2
307818,46,1
107163,12,0
269352,10,0
174682,47,1
112642,12,0
236077,51,1
224358,47,1
189859,47,1
108297,12,0
244102,4,0
14053,17,0
75702,12,0
352496,39,2
205342,47,1
311759,46,1
114680,12,0
388292,39,2
261994,4,0
347195,39,2
142698,22,0
379949,39,2
147682,47,1
300992,46,1
409467,39,2
301741,46,1
190972,47,1
373833,39,2
343346,39,2
407013,39,2
407339,39,2
262499,10,0
366777,39,2
107585,12,0
395265,39,2
136629,20,0
42521,12,0
391697,39,2
16374,17,0
51866,12,0
84946,12,0
113857,12,0
250689,4,0
113207,12,0
8458,44,1
211157,47,1
127168,12,0
122031,12,0
350003,39,2
399435,39,2
141944,22,0
331702,36,2
315394,46,1
378969,39,2
304803,46,1
207331,47,1
407071,39,2
71186,12,0
203252,47,1
314443,46,1
346371,39,2
383028,39,2
25469,1,0
39548,12,0
208378,47,1
139894,20,0
437890,39,2
378858,39,2
433187,39,2
405561,39,2
77898,12,0
229540,51,1
310497,46,1
320502,46,1
320228,46,1
325294,46,1
364807,39,2
36705,12,0
289052,10,0
343326,39,2
261217,4,0
141451,20,0
115319,12,0
127883,12,0
377039,39,2
353894,39,2
237082,4,0
379674,39,2
109821,12,0
155718,47,1
315101,46,1
218917,47,1
33905,66,1
235005,51,1
28750,5,0
290130,10,0
49323,12,0
246412,4,0
111950,12,0
315525,46,1
61037,12,0
410507,39,2
56946,12,0
381537,39,2
415622,39,2
372482,39,2
383433,39,2
122974,12,0
105217,12,0
197187,47,1
305969,46,1
344606,39,2
27768,5,0
275318,10,0
397819,39,2
33299,66,1
318517,46,1
165180,47,1
265257,10,0
312775,46,1
79641,12,0
285370,10,0
228479,51,1
422354,39,2
77490,12,0
316734,46,1
78730,12,0
85248,12,0
200690,47,1
206988,47,1
80531,12,0
98836,12,0
165639,47,1
25791,1,0
212702,47,1
306794,46,1
419042,39,2
382098,39,2
172956,47,1
361530,39,2
90944,12,0
234406,51,1
146035,47,1
226301,47,1
342361,39,2
274191,10,0
284050,10,0
126401,12,0
118100,12,0
229691,51,1
80537,12,0
345080,39,2
161446,47,1
264881,10,0
296672,42,2
2335,38,2
87783,12,0
406394,39,2
161146,47,1
406871,39,2
226605,47,1
143716,22,0
69791,12,0
20599,17,0
396202,39,2
290624,10,0
222202,47,1
385182,39,2
305316,46,1
253631,4,0
56796,12,0
262428,10,0
5667,44,1
310382,46,1
280896,10,0
282368,10,0
277568,10,0
145769,47,1
111251,12,0
21395,17,0
7204,11,0
42557,12,0
98030,12,0
160992,47,1
205406,47,1
15798,17,0
127294,12,0
316797,46,1
389875,39,2
211485,47,1
56032,12,0
405365,39,2
436296,39,2
61836,12,0
226108,47,1
75320,12,0
37836,12,0
86877,12,0
347523,39,2
177170,47,1
290551,10,0
233526,51,1
190176,47,1
388648,39,2
427596,39,2
204245,47,1
146503,47,1
43514,12,0
399512,39,2
181816,47,1
284470,10,0
83700,12,0
242837,4,0
92631,12,0
119982,12,0
96741,12,0
91118,12,0
69219,12,0
83849,12,0
260032,4,0
62736,12,0
409158,39,2
219177,47,1
321718,46,1
394382,39,2
54534,12,0
65597,12,0
63022,12,0
86627,12,0
263344,10,0
394247,39,2
367538,39,2
56667,12,0
10333,44,1
304685,46,1
366412,39,2
380955,39,2
319888,46,1
376308,39,2
150802,47,1
194370,47,1
386374,39,2
103127,12,0
333513,36,2
378472,39,2
371403,39,2
146816,47,1
167086,47,1
341934,39,2
438026,39,2
247236,4,0
330608,36,2
81788,12,0
84201,12,0
84271,12,0
53863,12,0
384398,39,2
257992,4,0
157410,47,1
104643,12,0
313624,46,1
70236,12,0
209072,47,1
373393,39,2
368143,39,2
60591,12,0
241054,4,0
205266,47,1
307296,46,1
206898,47,1
78296,12,0
92389,12,0
364829,39,2
91931,12,0
175825,47,1
280592,10,0
317764,46,1
193123,47,1
213414,47,1
251739,4,0
302085,46,1
119411,12,0
317369,46,1
373092,39,2
350800,39,2
279195,10,0
375088,39,2
14229,17,0
190251,47,1
435478,39,2
429902,39,2
11732,48,1
264833,10,0
203395,47,1
61682,12,0
161227,47,1
363157,39,2
75925,12,0
409866,39,2
151352,47,1
299375,42,2
213045,47,1
151534,47,1
124232,12,0
164292,47,1
178288,47,1
136632,20,0
219584,47,1
256034,4,0
20377,17,0
311360,46,1
203230,47,1
377160,39,2
318028,46,1
169117,47,1
216025,47,1
85471,12,0
433309,39,2
305180,46,1
241898,4,0
206536,47,1
119999,12,0
325187,46,1
147359,47,1
125544,12,0
65742,12,0
318272,46,1
351461,39,2
270291,10,0
16942,17,0
143988,22,0
113798,12,0
3062,15,0
334126,36,2
288707,10,0
219862,47,1
215302,47,1
394539,39,2
200809,47,1
384714,39,2
76063,12,0
397415,39,2
104763,12,0
189036,47,1
98632,12,0
16570,17,0
191903,47,1
19093,17,0
188892,47,1
413956,39,2
273008,10,0
378612,39,2
431391,39,2
94056,12,0
192196,47,1
100370,12,0
379934,39,2
188231,47,1
251619,4,0
247437,4,0
361612,39,2
37572,12,0
289077,10,0
99653,12,0
311146,46,1
102546,12,0
96614,12,0
2614,11,0
289579,10,0
74566,12,0
318744,46,1
116785,12,0
97577,12,0
200566,47,1
75192,12,0
97469,12,0
419266,39,2
49629,12,0
403382,39,2
282609,10,0
301177,46,1
372224,39,2
114842,12,0
164812,47,1
166214,47,1
331642,36,2
74992,12,0
271941,10,0
325491,46,1
107432,12,0
55997,12,0
76572,12,0
80517,12,0
431178,39,2
179474,47,1
236365,4,0
222040,47,1
141400,20,0
7883,23,0
306074,46,1
398569,39,2
149522,47,1
71251,12,0
312124,46,1
324639,46,1
328572,46,1
1707,44,1
351439,39,2
377701,39,2
400967,39,2
146048,47,1
82242,12,0
217866,47,1
176527,47,1
410258,39,2
106607,12,0
384793,39,2
35952,66,1
233434,51,1
263811,10,0
122181,12,0
351268,39,2
348915,39,2
124250,12,0
154449,47,1
410017,39,2
394563,39,2
427543,39,2
105862,12,0
277415,10,0
154873,47,1
87725,12,0
82651,12,0
171009,47,1
122488,12,0
340235,36,2
131980,20,0
254802,4,0
384560,39,2
393406,39,2
12624,17,0
308609,46,1
297443,42,2
410645,39,2
76173,12,0
251074,4,0
198407,47,1
144202,22,0
340318,36,2
242178,4,0
106458,12,0
436640,39,2
235332,51,1
97472,12,0
437310,39,2
373974,39,2
335225,36,2
392851,39,2
306915,46,1
217551,47,1
142850,22,0
47468,12,0
370988,39,2
252020,4,0
69554,12,0
255224,4,0
219640,47,1
28447,5,0
295261,42,2
399891,39,2
333465,36,2
158441,47,1
330455,36,2
116840,12,0
300120,42,2
48893,12,0
94854,12,0
194507,47,1
133918,20,0
179705,47,1
161675,47,1
430991,39,2
221978,47,1
256059,4,0
5712,11,0
251828,4,0
46720,12,0
2962,11,0
285390,10,0
200647,47,1
132120,20,0
39429,12,0
66010,12,0
81005,12,0
362660,39,2
69984,12,0
427293,39,2
164200,47,1
432562,39,2
403317,39,2
2961,11,0
21469,17,0
384240,39,2
1631,58,1
335896,36,2
333364,36,2
144471,22,0
262727,10,0
278262,10,0
378673,39,2
216614,47,1
351073,39,2
194112,47,1
76788,12,0
45429,12,0
57085,12,0
328891,36,2
270011,10,0
433429,39,2
77902,12,0
382860,39,2
69614,12,0
153753,47,1
272458,10,0
60484,12,0
185385,47,1
321058,46,1
199628,47,1
168586,47,1
173338,47,1
69012,12,0
219165,47,1
105735,12,0
383257,39,2
164588,47,1
15556,17,0
254059,4,0
385842,39,2
20389,17,0
410269,39,2
388120,39,2
152946,47,1
226713,47,1
316199,46,1
350364,39,2
167385,47,1
349515,39,2
1240,41,2
307616,46,1
368360,39,2
362614,39,2
209954,47,1
241448,4,0
158646,47,1
398197,39,2
169091,47,1
42381,12,0
402554,39,2
136358,20,0
245004,4,0
399257,39,2
384982,39,2
53883,12,0
142126,22,0
141696,20,0
159883,47,1
102756,12,0
134909,20,0
12430,17,0
263468,10,0
394367,39,2
368310,39,2
161188,47,1
104630,12,0
161453,47,1
282586,10,0
41253,12,0
130859,20,0
304134,46,1
295701,42,2
101819,12,0
280857,10,0
148708,47,1
80645,12,0
230278,51,1
209996,47,1
176682,47,1
122391,12,0
227596,47,1
175316,47,1
288783,10,0
222403,47,1
384804,39,2
261877,4,0
117297,12,0
188904,47,1
224790,47,1
375829,39,2
255890,4,0
238264,4,0
326535,46,1
377670,39,2
212444,47,1
17040,17,0
275093,10,0
386581,39,2
254227,4,0
300180,42,2
145689,47,1
158653,47,1
24185,17,0
289496,10,0
345238,39,2
335194,36,2
251267,4,0
376259,39,2
385370,39,2
216421,47,1
203845,47,1
57503,12,0
413276,39,2
167678,47,1
31511,66,1
82620,12,0
409306,39,2
153167,47,1
335274,36,2
90357,12,0
322182,46,1
75673,12,0
413150,39,2
147623,47,1
203331,47,1
14502,17,0
120798,12,0
260699,4,0
69013,12,0
